task,seed,model,scenario,mismatch_rate,feature_set,best_epoch,best_validation_score,n,accuracy,balanced_accuracy,f1_macro,roc_auc_ovr_macro
UCEC_molecular_subtype,42,liquid_cfc_modality_sequence,train_misaligned,0.0,multiomics_core,10,0.9844869877298745,153,0.9084967320261438,0.9217918985776129,0.9023732251521298,0.9837094328097693
UCEC_molecular_subtype,42,small_liquid_cfc_modality_sequence,train_misaligned,0.0,multiomics_core,18,0.9806631919071976,153,0.8758169934640523,0.8722454133168419,0.8596869861404746,0.9773379828753355
UCEC_molecular_subtype,42,liquid_cfc_modality_sequence,test_misaligned,0.0,multiomics_core,5,0.9763235484411156,153,0.9084967320261438,0.9113868274582559,0.8906780354483412,0.9862959037022454
UCEC_molecular_subtype,42,small_liquid_cfc_modality_sequence,test_misaligned,0.0,multiomics_core,18,0.9835865949640725,153,0.9084967320261438,0.9219181612038755,0.9112143234672305,0.9857119317441527
UCEC_molecular_subtype,42,liquid_cfc_modality_sequence,train_misaligned,0.1,multiomics_core,7,0.9816810718852758,153,0.869281045751634,0.8775999793856937,0.8437165082108902,0.9832855067631819
UCEC_molecular_subtype,42,small_liquid_cfc_modality_sequence,train_misaligned,0.1,multiomics_core,28,0.9782094332298137,153,0.9281045751633987,0.9277262420119563,0.9230110557942516,0.9845110758208451
UCEC_molecular_subtype,42,liquid_cfc_modality_sequence,test_misaligned,0.1,multiomics_core,15,0.9799786490683231,153,0.8431372549019608,0.845122139764997,0.8362426019419779,0.9620986790767754
UCEC_molecular_subtype,42,small_liquid_cfc_modality_sequence,test_misaligned,0.1,multiomics_core,14,0.983237958226769,153,0.8562091503267973,0.8675968872397444,0.8531239026563889,0.9651140403224646
UCEC_molecular_subtype,42,liquid_cfc_modality_sequence,train_misaligned,0.25,multiomics_core,33,0.9700631013274874,153,0.8627450980392157,0.8723716759431046,0.8466329966329966,0.9750723706706479
UCEC_molecular_subtype,42,small_liquid_cfc_modality_sequence,train_misaligned,0.25,multiomics_core,11,0.9751166499208379,153,0.8496732026143791,0.8617140795712224,0.842864890408497,0.9762526815421964
UCEC_molecular_subtype,42,liquid_cfc_modality_sequence,test_misaligned,0.25,multiomics_core,6,0.9859227522530751,153,0.8104575163398693,0.8074675324675324,0.7910590957030585,0.9305829645052837
UCEC_molecular_subtype,42,small_liquid_cfc_modality_sequence,test_misaligned,0.25,multiomics_core,25,0.985605418797954,153,0.8169934640522876,0.8019119769119769,0.7959798357327428,0.9378188956867861
UCEC_molecular_subtype,42,liquid_cfc_modality_sequence,train_misaligned,0.5,multiomics_core,8,0.9648341401778102,153,0.8562091503267973,0.8443413729128015,0.8547930829949355,0.9678171632894441
UCEC_molecular_subtype,42,small_liquid_cfc_modality_sequence,train_misaligned,0.5,multiomics_core,8,0.9397013914261356,153,0.8627450980392157,0.8716656359513502,0.8611105857667285,0.9700636671291458
UCEC_molecular_subtype,42,liquid_cfc_modality_sequence,test_misaligned,0.5,multiomics_core,6,0.9761068231640482,153,0.6601307189542484,0.6506390434961864,0.63816463297501,0.8521051313891282
UCEC_molecular_subtype,42,small_liquid_cfc_modality_sequence,test_misaligned,0.5,multiomics_core,6,0.9691148497442454,153,0.6143790849673203,0.6012935477221192,0.5893755876334275,0.8440718118429653
UCEC_molecular_subtype,42,liquid_cfc_modality_sequence,train_misaligned,0.75,multiomics_core,8,0.9255307666544879,153,0.8235294117647058,0.8180504019789734,0.8100051050655425,0.9642569451791725
UCEC_molecular_subtype,42,small_liquid_cfc_modality_sequence,train_misaligned,0.75,multiomics_core,9,0.9502726144805749,153,0.8169934640522876,0.8111343022057307,0.7888625711206356,0.9526004233514078
UCEC_molecular_subtype,42,liquid_cfc_modality_sequence,test_misaligned,0.75,multiomics_core,9,0.9815012635488978,153,0.5228758169934641,0.49116419294990726,0.4862340812613705,0.7446998265431256
UCEC_molecular_subtype,42,small_liquid_cfc_modality_sequence,test_misaligned,0.75,multiomics_core,10,0.978082298136646,153,0.5228758169934641,0.4898036487322201,0.48087887989203776,0.7408192037651377
UCEC_molecular_subtype,42,liquid_cfc_modality_sequence,train_misaligned,1.0,multiomics_core,35,0.8789769820971867,153,0.738562091503268,0.7007524221809935,0.6995983389547746,0.9017831598462973
UCEC_molecular_subtype,42,small_liquid_cfc_modality_sequence,train_misaligned,1.0,multiomics_core,24,0.8502987417793204,153,0.7124183006535948,0.6432050092764379,0.6503529242293287,0.863398950594723
UCEC_molecular_subtype,42,liquid_cfc_modality_sequence,test_misaligned,1.0,multiomics_core,5,0.9908858543417367,153,0.38562091503267976,0.3416924345495774,0.33241818702358605,0.6501352366758198
UCEC_molecular_subtype,42,small_liquid_cfc_modality_sequence,test_misaligned,1.0,multiomics_core,17,0.9785991353062965,153,0.43137254901960786,0.389625850340136,0.3844564692489386,0.6905202924052922
UCEC_molecular_subtype,43,liquid_cfc_modality_sequence,train_misaligned,0.0,multiomics_core,5,0.9935688025210084,153,0.9281045751633987,0.9395433931148217,0.9162271650233127,0.9862664324480761
UCEC_molecular_subtype,43,small_liquid_cfc_modality_sequence,train_misaligned,0.0,multiomics_core,6,0.9973529411764706,153,0.8627450980392157,0.886456400742115,0.8580954583498525,0.9763840898371356
UCEC_molecular_subtype,43,liquid_cfc_modality_sequence,test_misaligned,0.0,multiomics_core,3,0.9961344537815127,153,0.8823529411764706,0.8903241599670171,0.8652286931032576,0.9785964213858966
UCEC_molecular_subtype,43,small_liquid_cfc_modality_sequence,test_misaligned,0.0,multiomics_core,19,0.9921866246498598,153,0.8888888888888888,0.8951736755308184,0.8813591800356506,0.9807026275942279
UCEC_molecular_subtype,43,liquid_cfc_modality_sequence,train_misaligned,0.1,multiomics_core,4,0.9983193277310924,153,0.869281045751634,0.8903241599670171,0.8549145498720523,0.9780155351610436
UCEC_molecular_subtype,43,small_liquid_cfc_modality_sequence,train_misaligned,0.1,multiomics_core,18,0.9941384841980271,153,0.8758169934640523,0.8728251906823336,0.8727641584383158,0.9726064775164598
UCEC_molecular_subtype,43,liquid_cfc_modality_sequence,test_misaligned,0.1,multiomics_core,4,0.9955295868347339,153,0.8169934640522876,0.8158472479901051,0.7964697802197802,0.9470998067927063
UCEC_molecular_subtype,43,small_liquid_cfc_modality_sequence,test_misaligned,0.1,multiomics_core,5,0.9897426470588235,153,0.8562091503267973,0.8583513708513708,0.8290434062363886,0.9532283826098447
UCEC_molecular_subtype,43,liquid_cfc_modality_sequence,train_misaligned,0.25,multiomics_core,3,0.9907346851784191,153,0.8235294117647058,0.7965342197485054,0.7835910183906329,0.9616503363932388
UCEC_molecular_subtype,43,small_liquid_cfc_modality_sequence,train_misaligned,0.25,multiomics_core,4,0.9941547733223725,153,0.8235294117647058,0.8297412904555762,0.8090152008270475,0.9671914860613093
UCEC_molecular_subtype,43,liquid_cfc_modality_sequence,test_misaligned,0.25,multiomics_core,4,0.9980602240896358,153,0.7450980392156863,0.788546176046176,0.7545824651410712,0.9380769437847714
UCEC_molecular_subtype,43,small_liquid_cfc_modality_sequence,test_misaligned,0.25,multiomics_core,8,0.9977402836134454,153,0.738562091503268,0.7829906204906205,0.7450884844943446,0.9404073737392034
UCEC_molecular_subtype,43,liquid_cfc_modality_sequence,train_misaligned,0.5,multiomics_core,8,0.9710381842954573,153,0.8235294117647058,0.8080988455988456,0.8036103263386056,0.9604086112635983
UCEC_molecular_subtype,43,small_liquid_cfc_modality_sequence,train_misaligned,0.5,multiomics_core,6,0.9563369451041286,153,0.7973856209150327,0.806686765615337,0.7753431072316282,0.9492754612562404
UCEC_molecular_subtype,43,liquid_cfc_modality_sequence,test_misaligned,0.5,multiomics_core,3,0.994187675070028,153,0.6339869281045751,0.6054138321995465,0.5941221778566499,0.8391403056393067
UCEC_molecular_subtype,43,small_liquid_cfc_modality_sequence,test_misaligned,0.5,multiomics_core,5,0.9874551858786993,153,0.6209150326797386,0.6049603174603175,0.5818050117154943,0.8290948098956706
UCEC_molecular_subtype,43,liquid_cfc_modality_sequence,train_misaligned,0.75,multiomics_core,6,0.9835968137254902,153,0.7908496732026143,0.7796897546897547,0.7838410115434524,0.9347841058593808
UCEC_molecular_subtype,43,small_liquid_cfc_modality_sequence,train_misaligned,0.75,multiomics_core,3,0.9528415197600779,153,0.7647058823529411,0.8020382395382395,0.7620705896500581,0.929456898273735
UCEC_molecular_subtype,43,liquid_cfc_modality_sequence,test_misaligned,0.75,multiomics_core,4,0.9966689501887711,153,0.47058823529411764,0.45725108225108224,0.44071651620961794,0.7489681514987248
UCEC_molecular_subtype,43,small_liquid_cfc_modality_sequence,test_misaligned,0.75,multiomics_core,8,0.9983193277310924,153,0.49019607843137253,0.4744975262832406,0.46267142746811424,0.7558134140146172
UCEC_molecular_subtype,43,liquid_cfc_modality_sequence,train_misaligned,1.0,multiomics_core,27,0.8880582640664962,153,0.6993464052287581,0.6698644609358895,0.662229729858479,0.884249333067721
UCEC_molecular_subtype,43,small_liquid_cfc_modality_sequence,train_misaligned,1.0,multiomics_core,35,0.8617912327974668,153,0.6797385620915033,0.6634997938569367,0.6535310292832742,0.8730966755445437
UCEC_molecular_subtype,43,liquid_cfc_modality_sequence,test_misaligned,1.0,multiomics_core,3,0.9976050420168068,153,0.39869281045751637,0.3668367346938775,0.3636968928344959,0.662410479468946
UCEC_molecular_subtype,43,small_liquid_cfc_modality_sequence,test_misaligned,1.0,multiomics_core,10,0.9958005077030813,153,0.3660130718954248,0.34921150278293134,0.3487331826249352,0.6558471183115828
UCEC_molecular_subtype,44,liquid_cfc_modality_sequence,train_misaligned,0.0,multiomics_core,9,0.9804432316404823,153,0.8888888888888888,0.8942666460523603,0.876021873059261,0.9840879277402647
UCEC_molecular_subtype,44,small_liquid_cfc_modality_sequence,train_misaligned,0.0,multiomics_core,9,0.9853253828705396,153,0.8496732026143791,0.8504019789734075,0.828285437966289,0.9745442872583704
UCEC_molecular_subtype,44,liquid_cfc_modality_sequence,test_misaligned,0.0,multiomics_core,16,0.9786168326026062,153,0.8562091503267973,0.843939393939394,0.8295412177341399,0.9806302080310254
UCEC_molecular_subtype,44,small_liquid_cfc_modality_sequence,test_misaligned,0.0,multiomics_core,19,0.9821379095116307,153,0.9084967320261438,0.8999484642341785,0.8916583396903093,0.9828595548725614
UCEC_molecular_subtype,44,liquid_cfc_modality_sequence,train_misaligned,0.1,multiomics_core,11,0.9827932232675678,153,0.9084967320261438,0.9104797979797981,0.8966881594075206,0.9840643469854695
UCEC_molecular_subtype,44,small_liquid_cfc_modality_sequence,train_misaligned,0.1,multiomics_core,23,0.9686399532639143,153,0.8562091503267973,0.8552514945372088,0.8377934425961231,0.9761695010151318
UCEC_molecular_subtype,44,liquid_cfc_modality_sequence,test_misaligned,0.1,multiomics_core,6,0.9869274639203507,153,0.8300653594771242,0.8117140795712224,0.7964960398379659,0.9520487274121543
UCEC_molecular_subtype,44,small_liquid_cfc_modality_sequence,test_misaligned,0.1,multiomics_core,12,0.9832270163500183,153,0.8300653594771242,0.800729231086374,0.7870384063448246,0.9506530876200563
UCEC_molecular_subtype,44,liquid_cfc_modality_sequence,train_misaligned,0.25,multiomics_core,3,0.9818737440628426,153,0.8823529411764706,0.8661616161616161,0.8610692277567735,0.967278963531322
UCEC_molecular_subtype,44,small_liquid_cfc_modality_sequence,train_misaligned,0.25,multiomics_core,13,0.9690297885458532,153,0.8758169934640523,0.8938878581735724,0.8664721298508876,0.9749503946137894
UCEC_molecular_subtype,44,liquid_cfc_modality_sequence,test_misaligned,0.25,multiomics_core,7,0.9879012148337596,153,0.7450980392156863,0.6958281797567512,0.6856396794694667,0.899213355806799
UCEC_molecular_subtype,44,small_liquid_cfc_modality_sequence,test_misaligned,0.25,multiomics_core,5,0.9840916149068323,153,0.7189542483660131,0.6624948464234178,0.652045868739433,0.8916778735933515
UCEC_molecular_subtype,44,liquid_cfc_modality_sequence,train_misaligned,0.5,multiomics_core,3,0.9664129673608575,153,0.7973856209150327,0.7825757575757576,0.7510093858994809,0.9533486949113275
UCEC_molecular_subtype,44,small_liquid_cfc_modality_sequence,train_misaligned,0.5,multiomics_core,14,0.9753363437766411,153,0.803921568627451,0.7769686662543805,0.7671722416270702,0.9552399535311666
UCEC_molecular_subtype,44,liquid_cfc_modality_sequence,test_misaligned,0.5,multiomics_core,11,0.9864559166057727,153,0.673202614379085,0.6363533292104722,0.6313101855574765,0.8737868079491297
UCEC_molecular_subtype,44,small_liquid_cfc_modality_sequence,test_misaligned,0.5,multiomics_core,9,0.9857553700828157,153,0.6339869281045751,0.6126674912389198,0.6038842598350123,0.8547964573775636
UCEC_molecular_subtype,44,liquid_cfc_modality_sequence,train_misaligned,0.75,multiomics_core,11,0.9722578134514674,153,0.7581699346405228,0.6827252112966399,0.695053245634641,0.9034130104146361
UCEC_molecular_subtype,44,small_liquid_cfc_modality_sequence,train_misaligned,0.75,multiomics_core,29,0.9548464141091219,153,0.7712418300653595,0.7170918367346939,0.715156949349697,0.9138165098139868
UCEC_molecular_subtype,44,liquid_cfc_modality_sequence,test_misaligned,0.75,multiomics_core,15,0.9839580288637193,153,0.49019607843137253,0.45970676149247575,0.44611205432937184,0.759341810539014
UCEC_molecular_subtype,44,small_liquid_cfc_modality_sequence,test_misaligned,0.75,multiomics_core,14,0.983419231823164,153,0.5228758169934641,0.4981421356421356,0.4911057692307692,0.7533010047155756
UCEC_molecular_subtype,44,liquid_cfc_modality_sequence,train_misaligned,1.0,multiomics_core,10,0.935734114297893,153,0.7058823529411765,0.6148474541331685,0.614132327328837,0.8920685512679121
UCEC_molecular_subtype,44,small_liquid_cfc_modality_sequence,train_misaligned,1.0,multiomics_core,8,0.8760217239069541,153,0.6470588235294118,0.5761080189651618,0.5732715140609876,0.8353933900887748
UCEC_molecular_subtype,44,liquid_cfc_modality_sequence,test_misaligned,1.0,multiomics_core,10,0.9880596341797587,153,0.38562091503267976,0.35171871779014635,0.3451221850126189,0.6532045714789192
UCEC_molecular_subtype,44,small_liquid_cfc_modality_sequence,test_misaligned,1.0,multiomics_core,6,0.9834931037632445,153,0.3464052287581699,0.32019944341372913,0.3125663905063847,0.6271950410620468
COADREAD_molecular_subtype,42,liquid_cfc_modality_sequence,train_misaligned,0.0,multiomics_core,3,0.8910408432147562,135,0.9259259259259259,0.9338482867894632,0.8897275112183473,0.9759626843375596
COADREAD_molecular_subtype,42,small_liquid_cfc_modality_sequence,train_misaligned,0.0,multiomics_core,2,0.9098872355266217,135,0.8074074074074075,0.8312537136066548,0.7590928852243063,0.9406349787151825
COADREAD_molecular_subtype,42,liquid_cfc_modality_sequence,test_misaligned,0.0,multiomics_core,4,0.9293013252731922,135,0.9481481481481482,0.9277084571202218,0.9214890016920473,0.9758791340158349
COADREAD_molecular_subtype,42,small_liquid_cfc_modality_sequence,test_misaligned,0.0,multiomics_core,4,0.9274548554599705,135,0.8962962962962963,0.8878985937809466,0.8560363247863249,0.9577352947637839
COADREAD_molecular_subtype,42,liquid_cfc_modality_sequence,train_misaligned,0.1,multiomics_core,2,0.8903782066186158,135,0.9111111111111111,0.9271142800554566,0.874502086290704,0.9676415012351646
COADREAD_molecular_subtype,42,small_liquid_cfc_modality_sequence,train_misaligned,0.1,multiomics_core,3,0.8985216616290784,135,0.8592592592592593,0.9197860962566845,0.8364621995561222,0.967111199137343
COADREAD_molecular_subtype,42,liquid_cfc_modality_sequence,test_misaligned,0.1,multiomics_core,5,0.8996589940323956,135,0.8888888888888888,0.839937038079453,0.825572941362415,0.9345219508592065
COADREAD_molecular_subtype,42,small_liquid_cfc_modality_sequence,test_misaligned,0.1,multiomics_core,4,0.8747984964736882,135,0.8814814814814815,0.8690517142529526,0.8425925925925926,0.9241015371536392
COADREAD_molecular_subtype,42,liquid_cfc_modality_sequence,train_misaligned,0.25,multiomics_core,4,0.909129659769046,135,0.9185185185185185,0.9142404436522084,0.8869846330986227,0.9716831548004695
COADREAD_molecular_subtype,42,small_liquid_cfc_modality_sequence,train_misaligned,0.25,multiomics_core,2,0.9136770518484073,135,0.7481481481481481,0.8043176866706278,0.7005263021440978,0.9313954445656035
COADREAD_molecular_subtype,42,liquid_cfc_modality_sequence,test_misaligned,0.25,multiomics_core,1,0.9078548262454675,135,0.6962962962962963,0.7565229175136295,0.6449458555923592,0.9037466729482938
COADREAD_molecular_subtype,42,small_liquid_cfc_modality_sequence,test_misaligned,0.25,multiomics_core,1,0.9208265519646593,135,0.6444444444444445,0.7004722144041029,0.6069976771196283,0.8285271930380667
COADREAD_molecular_subtype,42,liquid_cfc_modality_sequence,train_misaligned,0.5,multiomics_core,8,0.9381113238411714,135,0.9037037037037037,0.8750247573776986,0.8516036655211913,0.9580436580270412
COADREAD_molecular_subtype,42,small_liquid_cfc_modality_sequence,train_misaligned,0.5,multiomics_core,10,0.870875054099455,135,0.8888888888888888,0.870354734131824,0.8359449388412803,0.9494538313018345
COADREAD_molecular_subtype,42,liquid_cfc_modality_sequence,test_misaligned,0.5,multiomics_core,2,0.9123014027745485,135,0.6666666666666666,0.5646766947076545,0.5310365006217541,0.7616421176638388
COADREAD_molecular_subtype,42,small_liquid_cfc_modality_sequence,test_misaligned,0.5,multiomics_core,26,0.911355886228009,135,0.7925925925925926,0.6036109286883281,0.6248407152003209,0.8280293731044726
COADREAD_molecular_subtype,42,liquid_cfc_modality_sequence,train_misaligned,0.75,multiomics_core,15,0.8657812296180204,135,0.9111111111111111,0.8500380481804631,0.8555061632951081,0.9720603331505853
COADREAD_molecular_subtype,42,small_liquid_cfc_modality_sequence,train_misaligned,0.75,multiomics_core,4,0.8808669483506084,135,0.8814814814814815,0.8528108744827011,0.8204312865497077,0.9497871767706245
COADREAD_molecular_subtype,42,liquid_cfc_modality_sequence,test_misaligned,0.75,multiomics_core,3,0.9427497481205921,135,0.7037037037037037,0.5531579989784324,0.5286533294952984,0.7349263972970691
COADREAD_molecular_subtype,42,small_liquid_cfc_modality_sequence,test_misaligned,0.75,multiomics_core,2,0.9001782531194295,135,0.6148148148148148,0.49857710229227253,0.4517111595763281,0.6941807043869278
COADREAD_molecular_subtype,42,liquid_cfc_modality_sequence,train_misaligned,1.0,multiomics_core,29,0.8770810389901987,135,0.8814814814814815,0.7857835319135629,0.7836007996974118,0.9113418982282848
COADREAD_molecular_subtype,42,small_liquid_cfc_modality_sequence,train_misaligned,1.0,multiomics_core,4,0.9097383484046361,135,0.7925925925925926,0.6541264033524096,0.6454263446649233,0.8453713107887305
COADREAD_molecular_subtype,42,liquid_cfc_modality_sequence,test_misaligned,1.0,multiomics_core,1,0.9108346896070681,135,0.5111111111111111,0.4535030386423576,0.38430658451611827,0.613723151749675
COADREAD_molecular_subtype,42,small_liquid_cfc_modality_sequence,test_misaligned,1.0,multiomics_core,10,0.8778772378516623,135,0.6888888888888889,0.42062524105867766,0.42662101963372373,0.757784778244673
COADREAD_molecular_subtype,43,liquid_cfc_modality_sequence,train_misaligned,0.0,multiomics_core,17,0.9672789273812291,135,0.8666666666666667,0.7932263814616757,0.7766817000266477,0.9660007071937947
COADREAD_molecular_subtype,43,small_liquid_cfc_modality_sequence,train_misaligned,0.0,multiomics_core,12,0.9521022402357063,135,0.9037037037037037,0.8425430778371955,0.8381313131313132,0.9526000188734209
COADREAD_molecular_subtype,43,liquid_cfc_modality_sequence,test_misaligned,0.0,multiomics_core,7,0.9445497171200495,135,0.8888888888888888,0.8682907506436918,0.8362207602339181,0.9652524842233494
COADREAD_molecular_subtype,43,small_liquid_cfc_modality_sequence,test_misaligned,0.0,multiomics_core,11,0.9743819266837169,135,0.8888888888888888,0.8520499108734403,0.8296487208858343,0.9568287281813369
COADREAD_molecular_subtype,43,liquid_cfc_modality_sequence,train_misaligned,0.1,multiomics_core,13,0.952578905470352,135,0.8740740740740741,0.8453159041394335,0.8152046783625732,0.95369950550718
COADREAD_molecular_subtype,43,small_liquid_cfc_modality_sequence,train_misaligned,0.1,multiomics_core,3,0.9400042944681574,135,0.8,0.7954050306991484,0.7234697669480279,0.9466786861505309
COADREAD_molecular_subtype,43,liquid_cfc_modality_sequence,test_misaligned,0.1,multiomics_core,14,0.965314283946471,135,0.8962962962962963,0.8249992181880726,0.8266115523855838,0.9459146443376752
COADREAD_molecular_subtype,43,small_liquid_cfc_modality_sequence,test_misaligned,0.1,multiomics_core,13,0.9593234131597302,135,0.8666666666666667,0.8277720444903106,0.8021705643467302,0.9557542840005394
COADREAD_molecular_subtype,43,liquid_cfc_modality_sequence,train_misaligned,0.25,multiomics_core,11,0.961169882972952,135,0.8962962962962963,0.8878985937809466,0.8476589891277805,0.9620117388202024
COADREAD_molecular_subtype,43,small_liquid_cfc_modality_sequence,train_misaligned,0.25,multiomics_core,13,0.9423738984362268,135,0.9185185185185185,0.8979996038819568,0.8735586101565481,0.9564028639856712
COADREAD_molecular_subtype,43,liquid_cfc_modality_sequence,test_misaligned,0.25,multiomics_core,10,0.980704115768528,135,0.8296296296296296,0.7176199560100489,0.7153617550116173,0.895996557960153
COADREAD_molecular_subtype,43,small_liquid_cfc_modality_sequence,test_misaligned,0.25,multiomics_core,14,0.9726071615718297,135,0.8740740740740741,0.8027853352930752,0.8042094042094042,0.9216536245571644
COADREAD_molecular_subtype,43,liquid_cfc_modality_sequence,train_misaligned,0.5,multiomics_core,10,0.9298769004177737,135,0.8666666666666667,0.8257080610021786,0.7906053894425987,0.9233886609772665
COADREAD_molecular_subtype,43,small_liquid_cfc_modality_sequence,train_misaligned,0.5,multiomics_core,2,0.9078780925991308,135,0.7037037037037037,0.7212162908757335,0.6373615381461895,0.842094490206868
COADREAD_molecular_subtype,43,liquid_cfc_modality_sequence,test_misaligned,0.5,multiomics_core,2,0.9514163691794647,135,0.7111111111111111,0.6415861400381524,0.5934160585323376,0.8460536613191977
COADREAD_molecular_subtype,43,small_liquid_cfc_modality_sequence,test_misaligned,0.5,multiomics_core,12,0.9611233821591877,135,0.762962962962963,0.6468503403487923,0.6357453800782351,0.8384107400453703
COADREAD_molecular_subtype,43,liquid_cfc_modality_sequence,train_misaligned,0.75,multiomics_core,19,0.9513313090489373,135,0.8888888888888888,0.7891505352805662,0.7895238095238094,0.9399187461139435
COADREAD_molecular_subtype,43,small_liquid_cfc_modality_sequence,train_misaligned,0.75,multiomics_core,14,0.9077020640556682,135,0.8518518518518519,0.8068611814741846,0.7722639552823937,0.9380174024210256
COADREAD_molecular_subtype,43,liquid_cfc_modality_sequence,test_misaligned,0.75,multiomics_core,9,0.9726556318130629,135,0.7333333333333333,0.5441932222117981,0.5566236186925843,0.8010182856571298
COADREAD_molecular_subtype,43,small_liquid_cfc_modality_sequence,test_misaligned,0.75,multiomics_core,16,0.9653375184065721,135,0.7185185185185186,0.5212183757075398,0.5296086751532295,0.7803392787777202
COADREAD_molecular_subtype,43,liquid_cfc_modality_sequence,train_misaligned,1.0,multiomics_core,35,0.812775373003184,135,0.8,0.6007859815909352,0.637742504409171,0.839034180098555
COADREAD_molecular_subtype,43,small_liquid_cfc_modality_sequence,train_misaligned,1.0,multiomics_core,20,0.8187350678328228,135,0.7851851851851852,0.5595063118282932,0.5771274109302279,0.8352190057561945
COADREAD_molecular_subtype,43,liquid_cfc_modality_sequence,test_misaligned,1.0,multiomics_core,10,0.9464911260947066,135,0.674074074074074,0.46054977014729337,0.45858560794044667,0.6994070732047667
COADREAD_molecular_subtype,43,small_liquid_cfc_modality_sequence,test_misaligned,1.0,multiomics_core,22,0.9571456250484384,135,0.6592592592592592,0.4192701003846515,0.4244601066232945,0.7165010397497852
COADREAD_molecular_subtype,44,liquid_cfc_modality_sequence,train_misaligned,0.0,multiomics_core,6,0.9634426102456791,135,0.8962962962962963,0.8716577540106952,0.8481672394043528,0.952473684246404
COADREAD_molecular_subtype,44,small_liquid_cfc_modality_sequence,train_misaligned,0.0,multiomics_core,11,0.9826203208556149,135,0.8888888888888888,0.8216322148210692,0.8151074564929447,0.9240404053062771
COADREAD_molecular_subtype,44,liquid_cfc_modality_sequence,test_misaligned,0.0,multiomics_core,9,0.9667344963001874,135,0.8962962962962963,0.8554169142404436,0.8438339438339438,0.9419125713021802
COADREAD_molecular_subtype,44,small_liquid_cfc_modality_sequence,test_misaligned,0.0,multiomics_core,17,0.932783089650571,135,0.8888888888888888,0.8195682313329372,0.8139309764309764,0.93713251898969
COADREAD_molecular_subtype,44,liquid_cfc_modality_sequence,train_misaligned,0.1,multiomics_core,7,0.974949624118422,135,0.8962962962962963,0.839176074470192,0.8286131401923157,0.9448200478996979
COADREAD_molecular_subtype,44,small_liquid_cfc_modality_sequence,train_misaligned,0.1,multiomics_core,8,0.985367743935519,135,0.8666666666666667,0.8257080610021786,0.7946244409319337,0.9471672897506508
COADREAD_molecular_subtype,44,liquid_cfc_modality_sequence,test_misaligned,0.1,multiomics_core,6,0.9573820041850732,135,0.8888888888888888,0.8195682313329372,0.8204940299789546,0.9169917296371267
COADREAD_molecular_subtype,44,small_liquid_cfc_modality_sequence,test_misaligned,0.1,multiomics_core,6,0.9653840192203363,135,0.8666666666666667,0.8419489007724302,0.8117845795856268,0.9377137179798464
COADREAD_molecular_subtype,44,liquid_cfc_modality_sequence,train_misaligned,0.25,multiomics_core,2,0.9326397121414646,135,0.8444444444444444,0.8156070509011686,0.7585728020510629,0.9251616539543543
COADREAD_molecular_subtype,44,small_liquid_cfc_modality_sequence,train_misaligned,0.25,multiomics_core,10,0.9180791288847555,135,0.8740740740740741,0.7803525450584274,0.7691763661612908,0.9108246591607156
COADREAD_molecular_subtype,44,liquid_cfc_modality_sequence,test_misaligned,0.25,multiomics_core,10,0.95482445942804,135,0.8518518518518519,0.7460257893694426,0.753291976840364,0.895427313176787
COADREAD_molecular_subtype,44,small_liquid_cfc_modality_sequence,test_misaligned,0.25,multiomics_core,7,0.96443656513989,135,0.8148148148148148,0.6987730764820549,0.6927498333589703,0.872150357633915
COADREAD_molecular_subtype,44,liquid_cfc_modality_sequence,train_misaligned,0.5,multiomics_core,2,0.9598426722467645,135,0.8666666666666667,0.8419489007724302,0.8034504212514683,0.9433205745255179
COADREAD_molecular_subtype,44,small_liquid_cfc_modality_sequence,train_misaligned,0.5,multiomics_core,5,0.9469638843679764,135,0.8444444444444444,0.7851893548487975,0.7569284223247638,0.9236501266943516
COADREAD_molecular_subtype,44,liquid_cfc_modality_sequence,test_misaligned,0.5,multiomics_core,6,0.9726768968456948,135,0.7111111111111111,0.5624459246750267,0.5679445679445679,0.7779574181788691
COADREAD_molecular_subtype,44,small_liquid_cfc_modality_sequence,test_misaligned,0.5,multiomics_core,7,0.9425598697977214,135,0.7333333333333333,0.5704829512879048,0.5784095860566448,0.7867750502473877
COADREAD_molecular_subtype,44,liquid_cfc_modality_sequence,train_misaligned,0.75,multiomics_core,10,0.9270750988142292,135,0.837037037037037,0.7372277991473037,0.7403325403325404,0.8961522797936022
COADREAD_molecular_subtype,44,small_liquid_cfc_modality_sequence,train_misaligned,0.75,multiomics_core,27,0.9139852313670632,135,0.8592592592592593,0.7452648257601818,0.744008971124194,0.87063251590184
COADREAD_molecular_subtype,44,liquid_cfc_modality_sequence,test_misaligned,0.75,multiomics_core,4,0.9740738747393101,135,0.6962962962962963,0.5619038684054164,0.548013517085682,0.7366736759608256
COADREAD_molecular_subtype,44,small_liquid_cfc_modality_sequence,test_misaligned,0.75,multiomics_core,8,0.9505638542604538,135,0.6888888888888889,0.5098143457276584,0.5117798851171598,0.7467539287918541
COADREAD_molecular_subtype,44,liquid_cfc_modality_sequence,train_misaligned,1.0,multiomics_core,22,0.9110424522449719,135,0.8296296296296296,0.6446716911113196,0.6817697781933406,0.8665213907896326
COADREAD_molecular_subtype,44,small_liquid_cfc_modality_sequence,train_misaligned,1.0,multiomics_core,13,0.9146987700885588,135,0.7333333333333333,0.4529401340546851,0.46906481891002016,0.8178284148886156
COADREAD_molecular_subtype,44,liquid_cfc_modality_sequence,test_misaligned,1.0,multiomics_core,9,0.9614547004572579,135,0.6296296296296297,0.3490946617881603,0.3438617114887532,0.6048558717383258
COADREAD_molecular_subtype,44,small_liquid_cfc_modality_sequence,test_misaligned,1.0,multiomics_core,14,0.9542567619933348,135,0.6370370370370371,0.3503976816670315,0.34960317460317464,0.5800445969608777
HNSC_HPV_status,42,liquid_cfc_modality_sequence,train_misaligned,0.0,multiomics_core,7,0.9810344827586207,147,0.9659863945578231,0.9612727272727273,0.9366870531484193,0.9683636363636364
HNSC_HPV_status,42,small_liquid_cfc_modality_sequence,train_misaligned,0.0,multiomics_core,10,0.9775862068965517,147,0.9659863945578231,0.9612727272727273,0.9366870531484193,0.9672727272727273
HNSC_HPV_status,42,liquid_cfc_modality_sequence,test_misaligned,0.0,multiomics_core,8,0.9793103448275862,147,0.9659863945578231,0.9612727272727273,0.9366870531484193,0.9621818181818181
HNSC_HPV_status,42,small_liquid_cfc_modality_sequence,test_misaligned,0.0,multiomics_core,10,0.9913793103448275,147,0.9795918367346939,0.9692727272727273,0.9606425702811245,0.9600000000000001
HNSC_HPV_status,42,liquid_cfc_modality_sequence,train_misaligned,0.1,multiomics_core,6,0.9827586206896552,147,0.9795918367346939,0.9692727272727273,0.9606425702811245,0.9581818181818182
HNSC_HPV_status,42,small_liquid_cfc_modality_sequence,train_misaligned,0.1,multiomics_core,3,0.9844827586206896,147,0.9319727891156463,0.9412727272727273,0.8831849968213605,0.9832727272727273
HNSC_HPV_status,42,liquid_cfc_modality_sequence,test_misaligned,0.1,multiomics_core,5,0.9896551724137931,147,0.9387755102040817,0.9265454545454546,0.889795918367347,0.9636363636363636
HNSC_HPV_status,42,small_liquid_cfc_modality_sequence,test_misaligned,0.1,multiomics_core,4,0.9913793103448275,147,0.8979591836734694,0.9212727272727272,0.8367754830113258,0.9458181818181819
HNSC_HPV_status,42,liquid_cfc_modality_sequence,train_misaligned,0.25,multiomics_core,2,0.9775862068965517,147,0.8843537414965986,0.9132727272727272,0.8197619906238731,0.96
HNSC_HPV_status,42,small_liquid_cfc_modality_sequence,train_misaligned,0.25,multiomics_core,7,0.9206896551724137,147,0.9659863945578231,0.9612727272727273,0.9366870531484193,0.9687272727272728
HNSC_HPV_status,42,liquid_cfc_modality_sequence,test_misaligned,0.25,multiomics_core,11,0.9810344827586207,147,0.9659863945578231,0.9425454545454546,0.9344042838018741,0.9589090909090908
HNSC_HPV_status,42,small_liquid_cfc_modality_sequence,test_misaligned,0.25,multiomics_core,8,0.9741379310344828,147,0.9387755102040817,0.9265454545454546,0.889795918367347,0.9592727272727273
HNSC_HPV_status,42,liquid_cfc_modality_sequence,train_misaligned,0.5,multiomics_core,9,0.9637931034482758,147,0.9727891156462585,0.9652727272727273,0.9484572230014026,0.9741818181818181
HNSC_HPV_status,42,small_liquid_cfc_modality_sequence,train_misaligned,0.5,multiomics_core,9,0.9224137931034483,147,0.9591836734693877,0.9385454545454546,0.9226858345021038,0.9690909090909091
HNSC_HPV_status,42,liquid_cfc_modality_sequence,test_misaligned,0.5,multiomics_core,4,0.9724137931034482,147,0.9047619047619048,0.7941818181818181,0.8055555555555556,0.9090909090909092
HNSC_HPV_status,42,small_liquid_cfc_modality_sequence,test_misaligned,0.5,multiomics_core,5,0.9758620689655173,147,0.9047619047619048,0.8503636363636364,0.8257113821138211,0.9349090909090909
HNSC_HPV_status,42,liquid_cfc_modality_sequence,train_misaligned,0.75,multiomics_core,7,0.9068965517241381,147,0.9659863945578231,0.9050909090909092,0.9291429673190013,0.9618181818181818
HNSC_HPV_status,42,small_liquid_cfc_modality_sequence,train_misaligned,0.75,multiomics_core,7,0.903448275862069,147,0.9523809523809523,0.8970909090909092,0.9046604280552211,0.9785454545454545
HNSC_HPV_status,42,liquid_cfc_modality_sequence,test_misaligned,0.75,multiomics_core,4,0.9810344827586207,147,0.8979591836734694,0.7714545454545454,0.7874289019570038,0.885090909090909
HNSC_HPV_status,42,small_liquid_cfc_modality_sequence,test_misaligned,0.75,multiomics_core,7,0.9879310344827585,147,0.9115646258503401,0.7607272727272727,0.79903249553055,0.8603636363636363
HNSC_HPV_status,42,liquid_cfc_modality_sequence,train_misaligned,1.0,multiomics_core,12,0.8948275862068966,147,0.8775510204081632,0.8156363636363637,0.7831147540983607,0.916
HNSC_HPV_status,42,small_liquid_cfc_modality_sequence,train_misaligned,1.0,multiomics_core,15,0.9,147,0.891156462585034,0.7674545454545454,0.7777777777777778,0.897818181818182
HNSC_HPV_status,42,liquid_cfc_modality_sequence,test_misaligned,1.0,multiomics_core,10,0.9827586206896551,147,0.8367346938775511,0.6043636363636364,0.6201550387596899,0.812
HNSC_HPV_status,42,small_liquid_cfc_modality_sequence,test_misaligned,1.0,multiomics_core,3,0.953448275862069,147,0.7891156462585034,0.6325454545454545,0.6204081632653061,0.7527272727272728
HNSC_HPV_status,43,liquid_cfc_modality_sequence,train_misaligned,0.0,multiomics_core,13,0.9620689655172414,147,0.9863945578231292,0.992,0.9742286115007013,0.9963636363636363
HNSC_HPV_status,43,small_liquid_cfc_modality_sequence,train_misaligned,0.0,multiomics_core,11,0.9465517241379311,147,0.9523809523809523,0.9345454545454546,0.911361874407787,0.9778181818181818
HNSC_HPV_status,43,liquid_cfc_modality_sequence,test_misaligned,0.0,multiomics_core,2,0.960344827586207,147,0.9251700680272109,0.956,0.8769874476987448,0.9901818181818183
HNSC_HPV_status,43,small_liquid_cfc_modality_sequence,test_misaligned,0.0,multiomics_core,1,0.9827586206896551,147,0.7619047619047619,0.86,0.6970856638210186,0.9632727272727273
HNSC_HPV_status,43,liquid_cfc_modality_sequence,train_misaligned,0.1,multiomics_core,3,0.9344827586206896,147,0.9455782312925171,0.968,0.9065479974570884,0.9916363636363635
HNSC_HPV_status,43,small_liquid_cfc_modality_sequence,train_misaligned,0.1,multiomics_core,1,0.9655172413793104,147,0.7891156462585034,0.876,0.7225570776255708,0.957090909090909
HNSC_HPV_status,43,liquid_cfc_modality_sequence,test_misaligned,0.1,multiomics_core,2,0.9879310344827587,147,0.9523809523809523,0.972,0.9169692568385379,0.984
HNSC_HPV_status,43,small_liquid_cfc_modality_sequence,test_misaligned,0.1,multiomics_core,13,0.9793103448275863,147,0.9591836734693877,0.9198181818181819,0.9198181818181819,0.9952727272727272
HNSC_HPV_status,43,liquid_cfc_modality_sequence,train_misaligned,0.25,multiomics_core,1,0.9844827586206897,147,0.8435374149659864,0.9079999999999999,0.777697416003682,0.9865454545454546
HNSC_HPV_status,43,small_liquid_cfc_modality_sequence,train_misaligned,0.25,multiomics_core,13,0.9379310344827586,147,0.9727891156462585,0.9465454545454546,0.9465454545454546,0.9952727272727273
HNSC_HPV_status,43,liquid_cfc_modality_sequence,test_misaligned,0.25,multiomics_core,6,0.9637931034482758,147,0.9455782312925171,0.8743636363636363,0.8888888888888888,0.9825454545454546
HNSC_HPV_status,43,small_liquid_cfc_modality_sequence,test_misaligned,0.25,multiomics_core,2,0.9706896551724138,147,0.8503401360544217,0.8370909090909091,0.7637346580946816,0.9269090909090909
HNSC_HPV_status,43,liquid_cfc_modality_sequence,train_misaligned,0.5,multiomics_core,2,0.9637931034482758,147,0.9115646258503401,0.948,0.858538751943149,0.9978181818181818
HNSC_HPV_status,43,small_liquid_cfc_modality_sequence,train_misaligned,0.5,multiomics_core,4,0.9637931034482758,147,0.9727891156462585,0.984,0.9502032520325203,0.9945454545454545
HNSC_HPV_status,43,liquid_cfc_modality_sequence,test_misaligned,0.5,multiomics_core,2,0.9379310344827585,147,0.9251700680272109,0.8436363636363636,0.8501806726582044,0.9534545454545454
HNSC_HPV_status,43,small_liquid_cfc_modality_sequence,test_misaligned,0.5,multiomics_core,2,0.9448275862068966,147,0.8231292517006803,0.7461818181818182,0.7050925925925926,0.8858181818181818
HNSC_HPV_status,43,liquid_cfc_modality_sequence,train_misaligned,0.75,multiomics_core,1,0.9189655172413792,147,0.782312925170068,0.872,0.7160791887976823,0.9752727272727273
HNSC_HPV_status,43,small_liquid_cfc_modality_sequence,train_misaligned,0.75,multiomics_core,4,0.9206896551724139,147,0.9115646258503401,0.8918181818181818,0.8458000484144275,0.9774545454545455
HNSC_HPV_status,43,liquid_cfc_modality_sequence,test_misaligned,0.75,multiomics_core,6,0.943103448275862,147,0.8571428571428571,0.7287272727272727,0.7244979919678715,0.9039999999999999
HNSC_HPV_status,43,small_liquid_cfc_modality_sequence,test_misaligned,0.75,multiomics_core,13,0.9206896551724139,147,0.8639455782312925,0.714,0.7222222222222222,0.8829090909090909
HNSC_HPV_status,43,liquid_cfc_modality_sequence,train_misaligned,1.0,multiomics_core,14,0.9672413793103448,147,0.9591836734693877,0.8823636363636363,0.9131889763779528,0.9898181818181818
HNSC_HPV_status,43,small_liquid_cfc_modality_sequence,train_misaligned,1.0,multiomics_core,3,0.9155172413793105,147,0.9183673469387755,0.8396363636363636,0.8396363636363636,0.9603636363636363
HNSC_HPV_status,43,liquid_cfc_modality_sequence,test_misaligned,1.0,multiomics_core,2,0.9844827586206896,147,0.8367346938775511,0.7729090909090909,0.7277777777777779,0.8669090909090909
HNSC_HPV_status,43,small_liquid_cfc_modality_sequence,test_misaligned,1.0,multiomics_core,17,0.9206896551724137,147,0.8775510204081632,0.722,0.7395669291338582,0.8847272727272728
HNSC_HPV_status,44,liquid_cfc_modality_sequence,train_misaligned,0.0,multiomics_core,5,0.9827586206896551,147,0.9591836734693877,0.9385454545454546,0.9226858345021038,0.9552727272727274
HNSC_HPV_status,44,small_liquid_cfc_modality_sequence,train_misaligned,0.0,multiomics_core,16,0.9586206896551726,147,0.9591836734693877,0.9385454545454546,0.9226858345021038,0.9614545454545453
HNSC_HPV_status,44,liquid_cfc_modality_sequence,test_misaligned,0.0,multiomics_core,5,0.9827586206896551,147,0.9727891156462585,0.9652727272727273,0.9484572230014026,0.974909090909091
HNSC_HPV_status,44,small_liquid_cfc_modality_sequence,test_misaligned,0.0,multiomics_core,15,0.9448275862068966,147,0.9727891156462585,0.9465454545454546,0.9465454545454546,0.9701818181818181
HNSC_HPV_status,44,liquid_cfc_modality_sequence,train_misaligned,0.1,multiomics_core,2,0.9741379310344827,147,0.8367346938775511,0.8852727272727272,0.7655502392344498,0.9636363636363635
HNSC_HPV_status,44,small_liquid_cfc_modality_sequence,train_misaligned,0.1,multiomics_core,6,0.9706896551724138,147,0.9795918367346939,0.9692727272727273,0.9606425702811245,0.9560000000000001
HNSC_HPV_status,44,liquid_cfc_modality_sequence,test_misaligned,0.1,multiomics_core,14,0.9620689655172414,147,0.9659863945578231,0.9050909090909092,0.9291429673190013,0.9647272727272727
HNSC_HPV_status,44,small_liquid_cfc_modality_sequence,test_misaligned,0.1,multiomics_core,4,0.9896551724137931,147,0.9387755102040817,0.9452727272727273,0.8932461873638344,0.9534545454545454
HNSC_HPV_status,44,liquid_cfc_modality_sequence,train_misaligned,0.25,multiomics_core,3,0.9706896551724138,147,0.9523809523809523,0.9532727272727273,0.9142857142857143,0.9752727272727273
HNSC_HPV_status,44,small_liquid_cfc_modality_sequence,train_misaligned,0.25,multiomics_core,6,0.9896551724137931,147,0.9251700680272109,0.9185454545454546,0.869523117889131,0.9629090909090908
HNSC_HPV_status,44,liquid_cfc_modality_sequence,test_misaligned,0.25,multiomics_core,4,0.9413793103448276,147,0.9319727891156463,0.8850909090909092,0.8711430575035064,0.9440000000000001
HNSC_HPV_status,44,small_liquid_cfc_modality_sequence,test_misaligned,0.25,multiomics_core,5,0.9482758620689655,147,0.9251700680272109,0.8810909090909091,0.8607115169265225,0.9407272727272729
HNSC_HPV_status,44,liquid_cfc_modality_sequence,train_misaligned,0.5,multiomics_core,9,0.95,147,0.9727891156462585,0.9465454545454546,0.9465454545454546,0.9854545454545454
HNSC_HPV_status,44,small_liquid_cfc_modality_sequence,train_misaligned,0.5,multiomics_core,16,0.9396551724137931,147,0.9523809523809523,0.9532727272727273,0.9142857142857143,0.9894545454545455
HNSC_HPV_status,44,liquid_cfc_modality_sequence,test_misaligned,0.5,multiomics_core,2,0.9189655172413794,147,0.8775510204081632,0.7969090909090909,0.7759146341463414,0.9054545454545455
HNSC_HPV_status,44,small_liquid_cfc_modality_sequence,test_misaligned,0.5,multiomics_core,8,0.9051724137931034,147,0.9047619047619048,0.7567272727272727,0.7884457236842105,0.8832727272727273
HNSC_HPV_status,44,liquid_cfc_modality_sequence,train_misaligned,0.75,multiomics_core,6,0.9706896551724138,147,0.9319727891156463,0.9225454545454546,0.8795081967213114,0.9432727272727273
HNSC_HPV_status,44,small_liquid_cfc_modality_sequence,train_misaligned,0.75,multiomics_core,4,0.9327586206896552,147,0.8775510204081632,0.7969090909090909,0.7759146341463414,0.9134545454545455
HNSC_HPV_status,44,liquid_cfc_modality_sequence,test_misaligned,0.75,multiomics_core,4,0.9655172413793103,147,0.8775510204081632,0.6845454545454546,0.7151162790697674,0.8636363636363635
HNSC_HPV_status,44,small_liquid_cfc_modality_sequence,test_misaligned,0.75,multiomics_core,5,0.9758620689655173,147,0.8707482993197279,0.718,0.7307432758122048,0.8592727272727273
HNSC_HPV_status,44,liquid_cfc_modality_sequence,train_misaligned,1.0,multiomics_core,3,0.8810344827586207,147,0.8707482993197279,0.8303636363636364,0.7813356298442026,0.8854545454545454
HNSC_HPV_status,44,small_liquid_cfc_modality_sequence,train_misaligned,1.0,multiomics_core,4,0.8741379310344828,147,0.8707482993197279,0.8303636363636364,0.7813356298442026,0.8978181818181818
HNSC_HPV_status,44,liquid_cfc_modality_sequence,test_misaligned,1.0,multiomics_core,7,0.9844827586206897,147,0.8707482993197279,0.6618181818181819,0.6918918918918919,0.8563636363636363
HNSC_HPV_status,44,small_liquid_cfc_modality_sequence,test_misaligned,1.0,multiomics_core,12,0.9724137931034482,147,0.8571428571428571,0.6538181818181819,0.6753601850878115,0.8367272727272728
KIRC_grade_binary,42,liquid_cfc_modality_sequence,train_misaligned,0.0,multiomics_core,9,0.7379807692307693,152,0.6513157894736842,0.64390756302521,0.644530732912677,0.7256652661064427
KIRC_grade_binary,42,small_liquid_cfc_modality_sequence,train_misaligned,0.0,multiomics_core,2,0.7163461538461539,152,0.6842105263157895,0.6778711484593838,0.6786469344608879,0.6927521008403361
KIRC_grade_binary,42,liquid_cfc_modality_sequence,test_misaligned,0.0,multiomics_core,14,0.7283653846153847,152,0.6578947368421053,0.645658263305322,0.6458781362007169,0.7391456582633054
KIRC_grade_binary,42,small_liquid_cfc_modality_sequence,test_misaligned,0.0,multiomics_core,1,0.7139423076923077,152,0.5921052631578947,0.5917366946778712,0.5903321161537124,0.6281512605042017
KIRC_grade_binary,42,liquid_cfc_modality_sequence,train_misaligned,0.1,multiomics_core,1,0.7868589743589743,152,0.6710526315789473,0.6631652661064427,0.6640141467727675,0.7099089635854341
KIRC_grade_binary,42,small_liquid_cfc_modality_sequence,train_misaligned,0.1,multiomics_core,3,0.6955128205128205,152,0.6842105263157895,0.6792717086834734,0.6797190517998244,0.7118347338935574
KIRC_grade_binary,42,liquid_cfc_modality_sequence,test_misaligned,0.1,multiomics_core,1,0.7059294871794871,152,0.6578947368421053,0.6568627450980392,0.6557491289198607,0.6896008403361346
KIRC_grade_binary,42,small_liquid_cfc_modality_sequence,test_misaligned,0.1,multiomics_core,3,0.7091346153846154,152,0.6118421052631579,0.6109943977591037,0.6097985467519471,0.65843837535014
KIRC_grade_binary,42,liquid_cfc_modality_sequence,train_misaligned,0.25,multiomics_core,1,0.7227564102564102,152,0.6644736842105263,0.6656162464985995,0.6632932285106198,0.7071078431372549
KIRC_grade_binary,42,small_liquid_cfc_modality_sequence,train_misaligned,0.25,multiomics_core,2,0.7075320512820512,152,0.6842105263157895,0.6750700280112045,0.6761363636363636,0.6722689075630253
KIRC_grade_binary,42,liquid_cfc_modality_sequence,test_misaligned,0.25,multiomics_core,1,0.7363782051282051,152,0.618421052631579,0.6099439775910365,0.6102564102564103,0.657563025210084
KIRC_grade_binary,42,small_liquid_cfc_modality_sequence,test_misaligned,0.25,multiomics_core,5,0.670673076923077,152,0.6118421052631579,0.6081932773109244,0.608024826259889,0.6736694677871148
KIRC_grade_binary,42,liquid_cfc_modality_sequence,train_misaligned,0.5,multiomics_core,3,0.6602564102564102,152,0.6710526315789473,0.6617647058823529,0.6626420454545454,0.6952030812324931
KIRC_grade_binary,42,small_liquid_cfc_modality_sequence,train_misaligned,0.5,multiomics_core,4,0.6834935897435898,152,0.6644736842105263,0.6656162464985995,0.6632932285106198,0.7195378151260505
KIRC_grade_binary,42,liquid_cfc_modality_sequence,test_misaligned,0.5,multiomics_core,16,0.7299679487179488,152,0.6513157894736842,0.648109243697479,0.6478867083351545,0.7083333333333334
KIRC_grade_binary,42,small_liquid_cfc_modality_sequence,test_misaligned,0.5,multiomics_core,2,0.7187500000000001,152,0.6513157894736842,0.6579131652661064,0.6513006968791932,0.7132352941176471
KIRC_grade_binary,42,liquid_cfc_modality_sequence,train_misaligned,0.75,multiomics_core,2,0.71875,152,0.5986842105263158,0.6158963585434174,0.5947375322348005,0.7009803921568628
KIRC_grade_binary,42,small_liquid_cfc_modality_sequence,train_misaligned,0.75,multiomics_core,5,0.7243589743589743,152,0.6973684210526315,0.6953781512605042,0.6947791164658634,0.7330182072829132
KIRC_grade_binary,42,liquid_cfc_modality_sequence,test_misaligned,0.75,multiomics_core,1,0.703525641025641,152,0.6118421052631579,0.6039915966386555,0.6042889290914707,0.6299019607843137
KIRC_grade_binary,42,small_liquid_cfc_modality_sequence,test_misaligned,0.75,multiomics_core,2,0.717948717948718,152,0.5723684210526315,0.5626750700280112,0.5623477297895902,0.5812324929971988
KIRC_grade_binary,42,liquid_cfc_modality_sequence,train_misaligned,1.0,multiomics_core,4,0.6225961538461539,152,0.6052631578947368,0.5896358543417367,0.5869565217391304,0.6132703081232493
KIRC_grade_binary,42,small_liquid_cfc_modality_sequence,train_misaligned,1.0,multiomics_core,6,0.6602564102564104,152,0.5328947368421053,0.5241596638655461,0.5238053214490579,0.5462184873949579
KIRC_grade_binary,42,liquid_cfc_modality_sequence,test_misaligned,1.0,multiomics_core,1,0.7107371794871794,152,0.6118421052631579,0.6123949579831933,0.6104764800416974,0.6370798319327731
KIRC_grade_binary,42,small_liquid_cfc_modality_sequence,test_misaligned,1.0,multiomics_core,1,0.6778846153846154,152,0.5460526315789473,0.5276610644257703,0.5206362265185794,0.5703781512605043
KIRC_grade_binary,43,liquid_cfc_modality_sequence,train_misaligned,0.0,multiomics_core,4,0.5793269230769231,152,0.6644736842105263,0.6614145658263305,0.661174002360243,0.740546218487395
KIRC_grade_binary,43,small_liquid_cfc_modality_sequence,train_misaligned,0.0,multiomics_core,1,0.59375,152,0.631578947368421,0.6428571428571428,0.6310039882087741,0.7323179271708683
KIRC_grade_binary,43,liquid_cfc_modality_sequence,test_misaligned,0.0,multiomics_core,2,0.5953525641025641,152,0.6644736842105263,0.6572128851540616,0.6579446675197458,0.7221638655462185
KIRC_grade_binary,43,small_liquid_cfc_modality_sequence,test_misaligned,0.0,multiomics_core,3,0.6330128205128206,152,0.7171052631578947,0.7202380952380952,0.7165040121448709,0.7862394957983193
KIRC_grade_binary,43,liquid_cfc_modality_sequence,train_misaligned,0.1,multiomics_core,1,0.6522435897435898,152,0.6973684210526315,0.6967787114845938,0.6954703832752613,0.7461484593837535
KIRC_grade_binary,43,small_liquid_cfc_modality_sequence,train_misaligned,0.1,multiomics_core,3,0.6378205128205129,152,0.6907894736842105,0.6922268907563025,0.6897016027450811,0.7760854341736695
KIRC_grade_binary,43,liquid_cfc_modality_sequence,test_misaligned,0.1,multiomics_core,1,0.6073717948717949,152,0.6578947368421053,0.6638655462184874,0.6578354978354979,0.7356442577030812
KIRC_grade_binary,43,small_liquid_cfc_modality_sequence,test_misaligned,0.1,multiomics_core,3,0.6065705128205129,152,0.6907894736842105,0.6964285714285714,0.6906689759688245,0.7312675070028011
KIRC_grade_binary,43,liquid_cfc_modality_sequence,train_misaligned,0.25,multiomics_core,15,0.6450320512820513,152,0.6842105263157895,0.6848739495798319,0.6828377673448096,0.7316176470588235
KIRC_grade_binary,43,small_liquid_cfc_modality_sequence,train_misaligned,0.25,multiomics_core,11,0.6546474358974359,152,0.7105263157894737,0.7058823529411764,0.7064091308165057,0.7571778711484594
KIRC_grade_binary,43,liquid_cfc_modality_sequence,test_misaligned,0.25,multiomics_core,1,0.6161858974358975,152,0.7039473684210527,0.6957282913165266,0.6970099667774087,0.737219887955182
KIRC_grade_binary,43,small_liquid_cfc_modality_sequence,test_misaligned,0.25,multiomics_core,3,0.6450320512820512,152,0.6513157894736842,0.6565126050420168,0.6511799090712276,0.7141106442577031
KIRC_grade_binary,43,liquid_cfc_modality_sequence,train_misaligned,0.5,multiomics_core,3,0.624198717948718,152,0.6578947368421053,0.6554621848739496,0.6549676968744543,0.7141106442577031
KIRC_grade_binary,43,small_liquid_cfc_modality_sequence,train_misaligned,0.5,multiomics_core,5,0.6322115384615385,152,0.6973684210526315,0.6925770308123249,0.693064091308165,0.7564775910364145
KIRC_grade_binary,43,liquid_cfc_modality_sequence,test_misaligned,0.5,multiomics_core,1,0.6177884615384615,152,0.6381578947368421,0.6516106442577031,0.6368848542761587,0.7041316526610645
KIRC_grade_binary,43,small_liquid_cfc_modality_sequence,test_misaligned,0.5,multiomics_core,3,0.6065705128205129,152,0.631578947368421,0.6302521008403361,0.6292682926829268,0.6997549019607844
KIRC_grade_binary,43,liquid_cfc_modality_sequence,train_misaligned,0.75,multiomics_core,3,0.6290064102564102,152,0.6710526315789473,0.6743697478991597,0.6705392751864054,0.7622549019607843
KIRC_grade_binary,43,small_liquid_cfc_modality_sequence,train_misaligned,0.75,multiomics_core,9,0.6322115384615384,152,0.6973684210526315,0.6995798319327731,0.6965277777777779,0.7578781512605043
KIRC_grade_binary,43,liquid_cfc_modality_sequence,test_misaligned,0.75,multiomics_core,1,0.5865384615384616,152,0.625,0.6341036414565826,0.6248538644728296,0.6750700280112045
KIRC_grade_binary,43,small_liquid_cfc_modality_sequence,test_misaligned,0.75,multiomics_core,2,0.6073717948717949,152,0.5657894736842105,0.5749299719887955,0.5654885654885655,0.6776960784313726
KIRC_grade_binary,43,liquid_cfc_modality_sequence,train_misaligned,1.0,multiomics_core,4,0.4879807692307693,152,0.6381578947368421,0.6432072829131652,0.6380168867720286,0.6745448179271709
KIRC_grade_binary,43,small_liquid_cfc_modality_sequence,train_misaligned,1.0,multiomics_core,10,0.5040064102564102,152,0.6447368421052632,0.6407563025210083,0.6407563025210083,0.6901260504201681
KIRC_grade_binary,43,liquid_cfc_modality_sequence,test_misaligned,1.0,multiomics_core,1,0.5480769230769231,152,0.5526315789473685,0.5588235294117647,0.5526315789473685,0.6125700280112045
KIRC_grade_binary,43,small_liquid_cfc_modality_sequence,test_misaligned,1.0,multiomics_core,1,0.6057692307692308,152,0.6118421052631579,0.6151960784313726,0.611421638719182,0.63953081232493
KIRC_grade_binary,44,liquid_cfc_modality_sequence,train_misaligned,0.0,multiomics_core,3,0.5721153846153846,152,0.6578947368421053,0.6526610644257702,0.6530289727831431,0.6939775910364145
KIRC_grade_binary,44,small_liquid_cfc_modality_sequence,train_misaligned,0.0,multiomics_core,1,0.6602564102564102,152,0.6710526315789473,0.6743697478991597,0.6705392751864054,0.7428221288515406
KIRC_grade_binary,44,liquid_cfc_modality_sequence,test_misaligned,0.0,multiomics_core,2,0.6634615384615384,152,0.7171052631578947,0.7286414565826331,0.7167988214394038,0.7864145658263305
KIRC_grade_binary,44,small_liquid_cfc_modality_sequence,test_misaligned,0.0,multiomics_core,3,0.6354166666666667,152,0.7039473684210527,0.7013305322128851,0.7010358844355085,0.7468487394957984
KIRC_grade_binary,44,liquid_cfc_modality_sequence,train_misaligned,0.1,multiomics_core,15,0.6586538461538463,152,0.6447368421052632,0.6435574229691876,0.6425087108013938,0.7314425770308123
KIRC_grade_binary,44,small_liquid_cfc_modality_sequence,train_misaligned,0.1,multiomics_core,4,0.6971153846153847,152,0.6973684210526315,0.6981792717086834,0.6960528603721092,0.7431722689075632
KIRC_grade_binary,44,liquid_cfc_modality_sequence,test_misaligned,0.1,multiomics_core,1,0.701923076923077,152,0.6842105263157895,0.6876750700280112,0.6837177041789493,0.7361694677871149
KIRC_grade_binary,44,small_liquid_cfc_modality_sequence,test_misaligned,0.1,multiomics_core,2,0.608974358974359,152,0.6513157894736842,0.6523109243697479,0.6500890413933893,0.7102591036414565
KIRC_grade_binary,44,liquid_cfc_modality_sequence,train_misaligned,0.25,multiomics_core,2,0.6514423076923077,152,0.6776315789473685,0.6803221288515406,0.6769464324441552,0.7190126050420168
KIRC_grade_binary,44,small_liquid_cfc_modality_sequence,train_misaligned,0.25,multiomics_core,3,0.5833333333333333,152,0.743421052631579,0.7454481792717087,0.7425183512140034,0.758578431372549
KIRC_grade_binary,44,liquid_cfc_modality_sequence,test_misaligned,0.25,multiomics_core,1,0.6770833333333334,152,0.6381578947368421,0.6292016806722689,0.6296788482834994,0.6976540616246499
KIRC_grade_binary,44,small_liquid_cfc_modality_sequence,test_misaligned,0.25,multiomics_core,4,0.5705128205128205,152,0.6513157894736842,0.648109243697479,0.6478867083351545,0.6512605042016807
KIRC_grade_binary,44,liquid_cfc_modality_sequence,train_misaligned,0.5,multiomics_core,3,0.6434294871794871,152,0.6776315789473685,0.6859243697478992,0.6776176254166126,0.7288165266106443
KIRC_grade_binary,44,small_liquid_cfc_modality_sequence,train_misaligned,0.5,multiomics_core,3,0.5881410256410255,152,0.6973684210526315,0.6939775910364145,0.6939775910364145,0.7706582633053222
KIRC_grade_binary,44,liquid_cfc_modality_sequence,test_misaligned,0.5,multiomics_core,1,0.6626602564102564,152,0.5921052631578947,0.611344537815126,0.5863037752414398,0.6946778711484595
KIRC_grade_binary,44,small_liquid_cfc_modality_sequence,test_misaligned,0.5,multiomics_core,2,0.5905448717948718,152,0.6381578947368421,0.6432072829131652,0.6380168867720286,0.6932773109243697
KIRC_grade_binary,44,liquid_cfc_modality_sequence,train_misaligned,0.75,multiomics_core,12,0.7115384615384616,152,0.6842105263157895,0.6876750700280112,0.6837177041789493,0.7242647058823529
KIRC_grade_binary,44,small_liquid_cfc_modality_sequence,train_misaligned,0.75,multiomics_core,4,0.6738782051282052,152,0.6644736842105263,0.6698179271708684,0.6643429313704265,0.6705182072829132
KIRC_grade_binary,44,liquid_cfc_modality_sequence,test_misaligned,0.75,multiomics_core,2,0.6049679487179487,152,0.6052631578947368,0.6162464985994398,0.6046471302236864,0.7008053221288516
KIRC_grade_binary,44,small_liquid_cfc_modality_sequence,test_misaligned,0.75,multiomics_core,1,0.7227564102564102,152,0.6578947368421053,0.6652661064425771,0.6578947368421053,0.7034313725490197
KIRC_grade_binary,44,liquid_cfc_modality_sequence,train_misaligned,1.0,multiomics_core,2,0.5753205128205128,152,0.6710526315789473,0.6729691876750701,0.6701388888888888,0.7288165266106442
KIRC_grade_binary,44,small_liquid_cfc_modality_sequence,train_misaligned,1.0,multiomics_core,1,0.7067307692307692,152,0.625,0.6242997198879552,0.6230257146586607,0.6545868347338936
KIRC_grade_binary,44,liquid_cfc_modality_sequence,test_misaligned,1.0,multiomics_core,4,0.6338141025641025,152,0.625,0.6186974789915967,0.6190476190476191,0.6622899159663866
KIRC_grade_binary,44,small_liquid_cfc_modality_sequence,test_misaligned,1.0,multiomics_core,2,0.6402243589743589,152,0.6052631578947368,0.6050420168067226,0.603547209181012,0.6533613445378151
PRAD_pathologic_T_stage,42,liquid_cfc_modality_sequence,train_misaligned,0.0,multiomics_core,4,0.6364468864468864,147,0.7414965986394558,0.7362637362637363,0.7310285053929122,0.797291993720565
PRAD_pathologic_T_stage,42,small_liquid_cfc_modality_sequence,train_misaligned,0.0,multiomics_core,4,0.6556776556776557,147,0.7346938775510204,0.720467032967033,0.7196988216887499,0.8167189952904238
PRAD_pathologic_T_stage,42,liquid_cfc_modality_sequence,test_misaligned,0.0,multiomics_core,3,0.6492673992673992,147,0.7074829931972789,0.6881868131868132,0.6888199675084921,0.7753139717425432
PRAD_pathologic_T_stage,42,small_liquid_cfc_modality_sequence,test_misaligned,0.0,multiomics_core,3,0.6565934065934066,147,0.7482993197278912,0.7451923076923077,0.7388235294117647,0.7872841444270015
PRAD_pathologic_T_stage,42,liquid_cfc_modality_sequence,train_misaligned,0.1,multiomics_core,3,0.6153846153846154,147,0.7346938775510204,0.723901098901099,0.7214962351226621,0.7933673469387755
PRAD_pathologic_T_stage,42,small_liquid_cfc_modality_sequence,train_misaligned,0.1,multiomics_core,5,0.5998168498168498,147,0.7414965986394558,0.7362637362637363,0.7310285053929122,0.8241758241758242
PRAD_pathologic_T_stage,42,liquid_cfc_modality_sequence,test_misaligned,0.1,multiomics_core,3,0.684981684981685,147,0.7551020408163265,0.7197802197802198,0.7272164948453608,0.8016091051805339
PRAD_pathologic_T_stage,42,small_liquid_cfc_modality_sequence,test_misaligned,0.1,multiomics_core,5,0.5906593406593407,147,0.6326530612244898,0.5865384615384616,0.5867346938775511,0.7025117739403454
PRAD_pathologic_T_stage,42,liquid_cfc_modality_sequence,train_misaligned,0.25,multiomics_core,4,0.6510989010989011,147,0.7278911564625851,0.7046703296703296,0.7072879330943846,0.8027864992150706
PRAD_pathologic_T_stage,42,small_liquid_cfc_modality_sequence,train_misaligned,0.25,multiomics_core,4,0.695970695970696,147,0.7414965986394558,0.7259615384615384,0.7259615384615384,0.7759026687598117
PRAD_pathologic_T_stage,42,liquid_cfc_modality_sequence,test_misaligned,0.25,multiomics_core,3,0.6446886446886446,147,0.6870748299319728,0.6476648351648352,0.6514432989690722,0.728021978021978
PRAD_pathologic_T_stage,42,small_liquid_cfc_modality_sequence,test_misaligned,0.25,multiomics_core,4,0.6602564102564104,147,0.7278911564625851,0.6978021978021978,0.7024291497975709,0.7492150706436421
PRAD_pathologic_T_stage,42,liquid_cfc_modality_sequence,train_misaligned,0.5,multiomics_core,1,0.6703296703296703,147,0.6870748299319728,0.6991758241758241,0.6828330206378987,0.7841444270015699
PRAD_pathologic_T_stage,42,small_liquid_cfc_modality_sequence,train_misaligned,0.5,multiomics_core,6,0.5815018315018315,147,0.7346938775510204,0.7067307692307692,0.711111111111111,0.756868131868132
PRAD_pathologic_T_stage,42,liquid_cfc_modality_sequence,test_misaligned,0.5,multiomics_core,4,0.6080586080586081,147,0.6666666666666666,0.6277472527472527,0.6304827373929103,0.7209576138147566
PRAD_pathologic_T_stage,42,small_liquid_cfc_modality_sequence,test_misaligned,0.5,multiomics_core,7,0.6428571428571429,147,0.6802721088435374,0.625,0.6259946949602122,0.7554945054945055
PRAD_pathologic_T_stage,42,liquid_cfc_modality_sequence,train_misaligned,0.75,multiomics_core,4,0.6565934065934066,147,0.6394557823129252,0.643543956043956,0.6326559479466265,0.6815149136577708
PRAD_pathologic_T_stage,42,small_liquid_cfc_modality_sequence,train_misaligned,0.75,multiomics_core,4,0.6309523809523809,147,0.6462585034013606,0.6387362637362637,0.6339080459770114,0.6748430141287284
PRAD_pathologic_T_stage,42,liquid_cfc_modality_sequence,test_misaligned,0.75,multiomics_core,2,0.5622710622710623,147,0.5986394557823129,0.5453296703296704,0.5412324781803756,0.582221350078493
PRAD_pathologic_T_stage,42,small_liquid_cfc_modality_sequence,test_misaligned,0.75,multiomics_core,5,0.5851648351648352,147,0.6598639455782312,0.6153846153846154,0.6173469387755102,0.6326530612244898
PRAD_pathologic_T_stage,42,liquid_cfc_modality_sequence,train_misaligned,1.0,multiomics_core,2,0.6492673992673993,147,0.6122448979591837,0.570054945054945,0.5701533883958344,0.6501177394034536
PRAD_pathologic_T_stage,42,small_liquid_cfc_modality_sequence,train_misaligned,1.0,multiomics_core,2,0.673076923076923,147,0.6462585034013606,0.6284340659340659,0.6274853801169591,0.6789638932496075
PRAD_pathologic_T_stage,42,liquid_cfc_modality_sequence,test_misaligned,1.0,multiomics_core,6,0.6547619047619048,147,0.673469387755102,0.6229395604395604,0.6246808510638298,0.651883830455259
PRAD_pathologic_T_stage,42,small_liquid_cfc_modality_sequence,test_misaligned,1.0,multiomics_core,2,0.5924908424908425,147,0.6122448979591837,0.6078296703296704,0.6016260162601625,0.6607142857142858
PRAD_pathologic_T_stage,43,liquid_cfc_modality_sequence,train_misaligned,0.0,multiomics_core,2,0.8351648351648352,147,0.6666666666666666,0.6517857142857143,0.6500850133592422,0.7219387755102041
PRAD_pathologic_T_stage,43,small_liquid_cfc_modality_sequence,train_misaligned,0.0,multiomics_core,5,0.7664835164835165,147,0.6462585034013606,0.6284340659340659,0.6274853801169591,0.6991758241758241
PRAD_pathologic_T_stage,43,liquid_cfc_modality_sequence,test_misaligned,0.0,multiomics_core,2,0.8021978021978022,147,0.673469387755102,0.6744505494505495,0.6652751423149905,0.7072213500784931
PRAD_pathologic_T_stage,43,small_liquid_cfc_modality_sequence,test_misaligned,0.0,multiomics_core,4,0.8388278388278388,147,0.6870748299319728,0.6751373626373627,0.6725106547849671,0.7515698587127159
PRAD_pathologic_T_stage,43,liquid_cfc_modality_sequence,train_misaligned,0.1,multiomics_core,1,0.8086080586080586,147,0.6190476190476191,0.6133241758241759,0.6077011056042699,0.7089874411302982
PRAD_pathologic_T_stage,43,small_liquid_cfc_modality_sequence,train_misaligned,0.1,multiomics_core,6,0.8543956043956044,147,0.6802721088435374,0.6524725274725275,0.65470538257784,0.7295918367346939
PRAD_pathologic_T_stage,43,liquid_cfc_modality_sequence,test_misaligned,0.1,multiomics_core,3,0.7985347985347985,147,0.6462585034013606,0.6284340659340659,0.6274853801169591,0.7164442700156985
PRAD_pathologic_T_stage,43,small_liquid_cfc_modality_sequence,test_misaligned,0.1,multiomics_core,13,0.7738095238095237,147,0.6666666666666666,0.6449175824175825,0.6453994978585142,0.7025117739403454
PRAD_pathologic_T_stage,43,liquid_cfc_modality_sequence,train_misaligned,0.25,multiomics_core,9,0.8159340659340659,147,0.6530612244897959,0.6339285714285714,0.6334523052852883,0.7405808477237048
PRAD_pathologic_T_stage,43,small_liquid_cfc_modality_sequence,train_misaligned,0.25,multiomics_core,2,0.7582417582417582,147,0.6530612244897959,0.6820054945054945,0.6524822695035462,0.7054552590266876
PRAD_pathologic_T_stage,43,liquid_cfc_modality_sequence,test_misaligned,0.25,multiomics_core,3,0.7847985347985348,147,0.6870748299319728,0.6785714285714286,0.6744029275808937,0.7158555729984302
PRAD_pathologic_T_stage,43,small_liquid_cfc_modality_sequence,test_misaligned,0.25,multiomics_core,10,0.7912087912087912,147,0.673469387755102,0.6504120879120879,0.6513833992094862,0.685243328100471
PRAD_pathologic_T_stage,43,liquid_cfc_modality_sequence,train_misaligned,0.5,multiomics_core,1,0.804029304029304,147,0.5510204081632653,0.5927197802197802,0.5505003706449221,0.6277472527472528
PRAD_pathologic_T_stage,43,small_liquid_cfc_modality_sequence,train_misaligned,0.5,multiomics_core,5,0.738095238095238,147,0.5986394557823129,0.5831043956043956,0.5811965811965811,0.666993720565149
PRAD_pathologic_T_stage,43,liquid_cfc_modality_sequence,test_misaligned,0.5,multiomics_core,4,0.7939560439560439,147,0.7074829931972789,0.698489010989011,0.6947703896856439,0.7374411302982732
PRAD_pathologic_T_stage,43,small_liquid_cfc_modality_sequence,test_misaligned,0.5,multiomics_core,6,0.7765567765567766,147,0.673469387755102,0.6504120879120879,0.6513833992094862,0.7029042386185244
PRAD_pathologic_T_stage,43,liquid_cfc_modality_sequence,train_misaligned,0.75,multiomics_core,4,0.6913919413919414,147,0.6326530612244898,0.6208791208791209,0.6177773497688752,0.6874018838304553
PRAD_pathologic_T_stage,43,small_liquid_cfc_modality_sequence,train_misaligned,0.75,multiomics_core,6,0.6382783882783883,147,0.6190476190476191,0.6098901098901099,0.6057471264367815,0.6428571428571429
PRAD_pathologic_T_stage,43,liquid_cfc_modality_sequence,test_misaligned,0.75,multiomics_core,7,0.8131868131868132,147,0.6530612244897959,0.6167582417582418,0.618919331062878,0.6497252747252747
PRAD_pathologic_T_stage,43,small_liquid_cfc_modality_sequence,test_misaligned,0.75,multiomics_core,4,0.8305860805860805,147,0.6258503401360545,0.6050824175824177,0.6047034664841344,0.646193092621664
PRAD_pathologic_T_stage,43,liquid_cfc_modality_sequence,train_misaligned,1.0,multiomics_core,8,0.7243589743589743,147,0.6666666666666666,0.6586538461538461,0.6541176470588235,0.711734693877551
PRAD_pathologic_T_stage,43,small_liquid_cfc_modality_sequence,train_misaligned,1.0,multiomics_core,5,0.6767399267399268,147,0.5918367346938775,0.5879120879120878,0.5815939278937381,0.6603218210361067
PRAD_pathologic_T_stage,43,liquid_cfc_modality_sequence,test_misaligned,1.0,multiomics_core,4,0.826007326007326,147,0.6054421768707483,0.5611263736263736,0.5605154639175257,0.6073390894819466
PRAD_pathologic_T_stage,43,small_liquid_cfc_modality_sequence,test_misaligned,1.0,multiomics_core,5,0.8058608058608059,147,0.6258503401360545,0.6188186813186813,0.6137677351550184,0.6879905808477237
PRAD_pathologic_T_stage,44,liquid_cfc_modality_sequence,train_misaligned,0.0,multiomics_core,4,0.7783882783882783,147,0.6394557823129252,0.6298076923076923,0.6258823529411766,0.717032967032967
PRAD_pathologic_T_stage,44,small_liquid_cfc_modality_sequence,train_misaligned,0.0,multiomics_core,4,0.7976190476190477,147,0.6598639455782312,0.6634615384615385,0.6527777777777777,0.7395996860282574
PRAD_pathologic_T_stage,44,liquid_cfc_modality_sequence,test_misaligned,0.0,multiomics_core,7,0.7738095238095238,147,0.6530612244897959,0.6476648351648351,0.6418573544164716,0.7046703296703297
PRAD_pathologic_T_stage,44,small_liquid_cfc_modality_sequence,test_misaligned,0.0,multiomics_core,5,0.7655677655677656,147,0.6326530612244898,0.6208791208791209,0.6177773497688752,0.6987833594976453
PRAD_pathologic_T_stage,44,liquid_cfc_modality_sequence,train_misaligned,0.1,multiomics_core,1,0.7857142857142858,147,0.6326530612244898,0.6655219780219781,0.6325000000000001,0.6942700156985872
PRAD_pathologic_T_stage,44,small_liquid_cfc_modality_sequence,train_misaligned,0.1,multiomics_core,2,0.7976190476190477,147,0.6462585034013606,0.6593406593406593,0.6425364758698092,0.6887755102040816
PRAD_pathologic_T_stage,44,liquid_cfc_modality_sequence,test_misaligned,0.1,multiomics_core,8,0.7408424908424909,147,0.6666666666666666,0.6586538461538461,0.6541176470588235,0.7091836734693877
PRAD_pathologic_T_stage,44,small_liquid_cfc_modality_sequence,test_misaligned,0.1,multiomics_core,5,0.7472527472527472,147,0.6598639455782312,0.6497252747252746,0.6460901386748845,0.6903453689167974
PRAD_pathologic_T_stage,44,liquid_cfc_modality_sequence,train_misaligned,0.25,multiomics_core,1,0.7142857142857143,147,0.6054421768707483,0.6435439560439561,0.6054239170677527,0.6895604395604396
PRAD_pathologic_T_stage,44,small_liquid_cfc_modality_sequence,train_misaligned,0.25,multiomics_core,9,0.6895604395604396,147,0.6462585034013606,0.6387362637362637,0.6339080459770114,0.6915227629513344
PRAD_pathologic_T_stage,44,liquid_cfc_modality_sequence,test_misaligned,0.25,multiomics_core,8,0.7472527472527472,147,0.6326530612244898,0.6208791208791209,0.6177773497688752,0.631083202511774
PRAD_pathologic_T_stage,44,small_liquid_cfc_modality_sequence,test_misaligned,0.25,multiomics_core,3,0.7225274725274725,147,0.673469387755102,0.6847527472527473,0.6690431519699812,0.7350863422291993
PRAD_pathologic_T_stage,44,liquid_cfc_modality_sequence,train_misaligned,0.5,multiomics_core,7,0.7399267399267399,147,0.5782312925170068,0.5975274725274726,0.5766443701226309,0.6797488226059655
PRAD_pathologic_T_stage,44,small_liquid_cfc_modality_sequence,train_misaligned,0.5,multiomics_core,4,0.7408424908424909,147,0.6326530612244898,0.6449175824175823,0.6287878787878788,0.7087912087912087
PRAD_pathologic_T_stage,44,liquid_cfc_modality_sequence,test_misaligned,0.5,multiomics_core,3,0.7683150183150182,147,0.6462585034013606,0.6387362637362637,0.6339080459770114,0.679160125588697
PRAD_pathologic_T_stage,44,small_liquid_cfc_modality_sequence,test_misaligned,0.5,multiomics_core,4,0.7591575091575092,147,0.6258503401360545,0.635989010989011,0.6213646794361447,0.6640502354788069
PRAD_pathologic_T_stage,44,liquid_cfc_modality_sequence,train_misaligned,0.75,multiomics_core,5,0.7463369963369964,147,0.6190476190476191,0.6339285714285714,0.616044776119403,0.6936813186813187
PRAD_pathologic_T_stage,44,small_liquid_cfc_modality_sequence,train_misaligned,0.75,multiomics_core,5,0.7032967032967032,147,0.6122448979591837,0.6387362637362637,0.6115978306216103,0.6928963893249608
PRAD_pathologic_T_stage,44,liquid_cfc_modality_sequence,test_misaligned,0.75,multiomics_core,4,0.793040293040293,147,0.5782312925170068,0.5837912087912087,0.5725140712945591,0.645408163265306
PRAD_pathologic_T_stage,44,small_liquid_cfc_modality_sequence,test_misaligned,0.75,multiomics_core,18,0.7912087912087912,147,0.564625850340136,0.5521978021978022,0.5494252873563219,0.6112637362637362
PRAD_pathologic_T_stage,44,liquid_cfc_modality_sequence,train_misaligned,1.0,multiomics_core,6,0.7142857142857143,147,0.6598639455782312,0.6565934065934066,0.6497331300038125,0.6752354788069074
PRAD_pathologic_T_stage,44,small_liquid_cfc_modality_sequence,train_misaligned,1.0,multiomics_core,2,0.61996336996337,147,0.5102040816326531,0.5151098901098901,0.5050505050505051,0.5280612244897959
PRAD_pathologic_T_stage,44,liquid_cfc_modality_sequence,test_misaligned,1.0,multiomics_core,3,0.7307692307692308,147,0.564625850340136,0.5590659340659341,0.5537001897533207,0.5777080062794349
PRAD_pathologic_T_stage,44,small_liquid_cfc_modality_sequence,test_misaligned,1.0,multiomics_core,2,0.7609890109890111,147,0.5034013605442177,0.5061813186813187,0.49744766543342855,0.515502354788069
