task,seed,model,scenario,mismatch_rate,feature_set,n,accuracy,balanced_accuracy,f1_macro,roc_auc
UCEC_molecular_subtype,42,logistic_l2,mrna_only,0.0,mrna,153.0,0.8431372549019608,0.8107555143269428,0.8081087926995822,0.9543787423223415
UCEC_molecular_subtype,42,logistic_l2,train_misaligned,0.0,multiomics_core,153.0,0.9215686274509803,0.9223716759431047,0.9278446077925454,0.9822532406202495
UCEC_molecular_subtype,42,logistic_l2,test_misaligned,0.0,multiomics_core,153.0,0.9215686274509803,0.9223716759431047,0.9278446077925454,0.9822532406202495
UCEC_molecular_subtype,42,logistic_l2,train_misaligned,0.1,multiomics_core,153.0,0.9215686274509803,0.9219181612038754,0.9274690826414965,0.9824978039882656
UCEC_molecular_subtype,42,logistic_l2,test_misaligned,0.1,multiomics_core,153.0,0.8562091503267973,0.8455756545042259,0.8499284831763887,0.9518018837547175
UCEC_molecular_subtype,42,logistic_l2,train_misaligned,0.25,multiomics_core,153.0,0.9084967320261438,0.9108070500927643,0.9166241498229637,0.9778378451721266
UCEC_molecular_subtype,42,logistic_l2,test_misaligned,0.25,multiomics_core,153.0,0.8235294117647058,0.807519068233354,0.8156187712768772,0.9304282544519009
UCEC_molecular_subtype,42,logistic_l2,train_misaligned,0.5,multiomics_core,153.0,0.869281045751634,0.8666898577612864,0.8777600584171377,0.9658152124149316
UCEC_molecular_subtype,42,logistic_l2,test_misaligned,0.5,multiomics_core,153.0,0.7254901960784313,0.7027674706246135,0.7064220320360027,0.8531226829888198
UCEC_molecular_subtype,42,logistic_l2,train_misaligned,0.75,multiomics_core,153.0,0.8562091503267973,0.8111343022057308,0.8175062515124627,0.9470735286295369
UCEC_molecular_subtype,42,logistic_l2,test_misaligned,0.75,multiomics_core,153.0,0.5947712418300654,0.5529066171923315,0.5493072987347961,0.7959440243493308
UCEC_molecular_subtype,42,logistic_l2,train_misaligned,1.0,multiomics_core,153.0,0.7712418300653595,0.7074675324675325,0.7178021978021978,0.9109214943081704
UCEC_molecular_subtype,42,logistic_l2,test_misaligned,1.0,multiomics_core,153.0,0.5098039215686274,0.4786410018552875,0.4805036855986252,0.7185040169996972
UCEC_molecular_subtype,42,extra_trees,mrna_only,0.0,mrna,153.0,0.7908496732026143,0.7000979179550608,0.7147826086956522,0.9137447653349557
UCEC_molecular_subtype,42,extra_trees,train_misaligned,0.0,multiomics_core,153.0,0.9411764705882353,0.9270202020202021,0.9376374671618806,0.9866744899579946
UCEC_molecular_subtype,42,extra_trees,test_misaligned,0.0,multiomics_core,153.0,0.9411764705882353,0.9270202020202021,0.9376374671618806,0.9866744899579946
UCEC_molecular_subtype,42,extra_trees,train_misaligned,0.1,multiomics_core,153.0,0.934640522875817,0.9213383838383838,0.9316133707763385,0.984740192444731
UCEC_molecular_subtype,42,extra_trees,test_misaligned,0.1,multiomics_core,153.0,0.8627450980392157,0.8400200989486704,0.8530896686159845,0.9460691869055593
UCEC_molecular_subtype,42,extra_trees,train_misaligned,0.25,multiomics_core,153.0,0.9150326797385621,0.893560606060606,0.908438830205209,0.9840562810360868
UCEC_molecular_subtype,42,extra_trees,test_misaligned,0.25,multiomics_core,153.0,0.7973856209150327,0.7739332096474953,0.7860493210493211,0.9126876014027309
UCEC_molecular_subtype,42,extra_trees,train_misaligned,0.5,multiomics_core,153.0,0.8823529411764706,0.8656565656565658,0.8748676345467059,0.9808764580860252
UCEC_molecular_subtype,42,extra_trees,test_misaligned,0.5,multiomics_core,153.0,0.5882352941176471,0.5775329828901258,0.5839345245444765,0.8081081374522043
UCEC_molecular_subtype,42,extra_trees,train_misaligned,0.75,multiomics_core,153.0,0.8496732026143791,0.794014120799835,0.8181302124479051,0.9604564519379624
UCEC_molecular_subtype,42,extra_trees,test_misaligned,0.75,multiomics_core,153.0,0.5032679738562091,0.4632601525458668,0.4649641650502236,0.741957996989425
UCEC_molecular_subtype,42,extra_trees,train_misaligned,1.0,multiomics_core,153.0,0.7516339869281046,0.6347170686456401,0.6188754012841091,0.8888832737899004
UCEC_molecular_subtype,42,extra_trees,test_misaligned,1.0,multiomics_core,153.0,0.38562091503267976,0.3667104720676149,0.3715670397713741,0.6260237298649783
UCEC_molecular_subtype,43,logistic_l2,mrna_only,0.0,mrna,153.0,0.803921568627451,0.792339208410637,0.7840217624003689,0.9344276848125991
UCEC_molecular_subtype,43,logistic_l2,train_misaligned,0.0,multiomics_core,153.0,0.8888888888888888,0.8967867450010307,0.8866803076213688,0.9744164980593457
UCEC_molecular_subtype,43,logistic_l2,test_misaligned,0.0,multiomics_core,153.0,0.8888888888888888,0.8967867450010307,0.8866803076213688,0.9744164980593457
UCEC_molecular_subtype,43,logistic_l2,train_misaligned,0.1,multiomics_core,153.0,0.8888888888888888,0.89575345289631,0.8856052617365852,0.9749235983093087
UCEC_molecular_subtype,43,logistic_l2,test_misaligned,0.1,multiomics_core,153.0,0.8627450980392157,0.8748917748917748,0.8644452769909755,0.9674477399652069
UCEC_molecular_subtype,43,logistic_l2,train_misaligned,0.25,multiomics_core,153.0,0.869281045751634,0.8577715934858792,0.8620553626780216,0.9691735960551531
UCEC_molecular_subtype,43,logistic_l2,test_misaligned,0.25,multiomics_core,153.0,0.7581699346405228,0.7658704390847249,0.7608631339786525,0.9249525198330052
UCEC_molecular_subtype,43,logistic_l2,train_misaligned,0.5,multiomics_core,153.0,0.8627450980392157,0.8637806637806638,0.8590620668308504,0.9691289895384304
UCEC_molecular_subtype,43,logistic_l2,test_misaligned,0.5,multiomics_core,153.0,0.6535947712418301,0.6463177695320552,0.6367690058479533,0.8623493729720106
UCEC_molecular_subtype,43,logistic_l2,train_misaligned,0.75,multiomics_core,153.0,0.8431372549019608,0.8130746237889095,0.8247314038397564,0.9541739651128995
UCEC_molecular_subtype,43,logistic_l2,test_misaligned,0.75,multiomics_core,153.0,0.5163398692810458,0.49853380746237885,0.4917803280658535,0.7718505300011606
UCEC_molecular_subtype,43,logistic_l2,train_misaligned,1.0,multiomics_core,153.0,0.7189542483660131,0.6413806431663575,0.6441770856181911,0.8717014608364069
UCEC_molecular_subtype,43,logistic_l2,test_misaligned,1.0,multiomics_core,153.0,0.43790849673202614,0.3767135642135642,0.3788157308377897,0.6463237536217319
UCEC_molecular_subtype,43,extra_trees,mrna_only,0.0,mrna,153.0,0.7973856209150327,0.7187564419707277,0.7255395334312384,0.9319612417800586
UCEC_molecular_subtype,43,extra_trees,train_misaligned,0.0,multiomics_core,153.0,0.9215686274509803,0.9232039785611215,0.9136711502782932,0.9820309768707034
UCEC_molecular_subtype,43,extra_trees,test_misaligned,0.0,multiomics_core,153.0,0.9215686274509803,0.9232039785611215,0.9136711502782932,0.9820309768707034
UCEC_molecular_subtype,43,extra_trees,train_misaligned,0.1,multiomics_core,153.0,0.9084967320261438,0.9119666048237478,0.9023075139146568,0.9818586372980103
UCEC_molecular_subtype,43,extra_trees,test_misaligned,0.1,multiomics_core,153.0,0.8823529411764706,0.8898191094619667,0.8802746098439376,0.9694531075563588
UCEC_molecular_subtype,43,extra_trees,train_misaligned,0.25,multiomics_core,153.0,0.9019607843137255,0.9060837971552258,0.8956841769341769,0.9805276490285846
UCEC_molecular_subtype,43,extra_trees,test_misaligned,0.25,multiomics_core,153.0,0.7712418300653595,0.7754947433518862,0.7672289458419026,0.8999385658557438
UCEC_molecular_subtype,43,extra_trees,train_misaligned,0.5,multiomics_core,153.0,0.9019607843137255,0.9171433725005154,0.9070549686389184,0.9827116929921142
UCEC_molecular_subtype,43,extra_trees,test_misaligned,0.5,multiomics_core,153.0,0.6274509803921569,0.6346268810554525,0.6270901493669347,0.8396660572297361
UCEC_molecular_subtype,43,extra_trees,train_misaligned,0.75,multiomics_core,153.0,0.8300653594771242,0.7675221603793032,0.7859511064453429,0.9517137409078862
UCEC_molecular_subtype,43,extra_trees,test_misaligned,0.75,multiomics_core,153.0,0.477124183006536,0.45300453514739225,0.4530982154134863,0.6814505931602268
UCEC_molecular_subtype,43,extra_trees,train_misaligned,1.0,multiomics_core,153.0,0.7254901960784313,0.6015847247990105,0.5714942110285559,0.9023222604848418
UCEC_molecular_subtype,43,extra_trees,test_misaligned,1.0,multiomics_core,153.0,0.3464052287581699,0.28797412904555764,0.29125,0.5829249470918868
UCEC_molecular_subtype,44,logistic_l2,mrna_only,0.0,mrna,153.0,0.8300653594771242,0.8114100185528758,0.8149962093716665,0.9485966971546633
UCEC_molecular_subtype,44,logistic_l2,train_misaligned,0.0,multiomics_core,153.0,0.9150326797385621,0.9170686456400743,0.9119625232369551,0.9859290025386463
UCEC_molecular_subtype,44,logistic_l2,test_misaligned,0.0,multiomics_core,153.0,0.9150326797385621,0.9170686456400743,0.9119625232369551,0.9859290025386463
UCEC_molecular_subtype,44,logistic_l2,train_misaligned,0.1,multiomics_core,153.0,0.8954248366013072,0.8671949082663368,0.8750454019205012,0.9821788991548981
UCEC_molecular_subtype,44,logistic_l2,test_misaligned,0.1,multiomics_core,153.0,0.8758169934640523,0.8849695938981654,0.8798998280939304,0.9785097873208704
UCEC_molecular_subtype,44,logistic_l2,train_misaligned,0.25,multiomics_core,153.0,0.869281045751634,0.8325757575757576,0.8481915312544116,0.9750783066657349
UCEC_molecular_subtype,44,logistic_l2,test_misaligned,0.25,multiomics_core,153.0,0.7908496732026143,0.8028190063904349,0.7989357033135835,0.9399729305414418
UCEC_molecular_subtype,44,logistic_l2,train_misaligned,0.5,multiomics_core,153.0,0.869281045751634,0.8444676355390641,0.8444174895017592,0.9688054361860957
UCEC_molecular_subtype,44,logistic_l2,test_misaligned,0.5,multiomics_core,153.0,0.6405228758169934,0.610338074623789,0.6105261015264101,0.8495227836604127
UCEC_molecular_subtype,44,logistic_l2,train_misaligned,0.75,multiomics_core,153.0,0.8431372549019608,0.8217403628117914,0.8297412249445624,0.9432286219410446
UCEC_molecular_subtype,44,logistic_l2,test_misaligned,0.75,multiomics_core,153.0,0.5490196078431373,0.513512677798392,0.5143556416587931,0.7705681804691087
UCEC_molecular_subtype,44,logistic_l2,train_misaligned,1.0,multiomics_core,153.0,0.7777777777777778,0.711662543805401,0.7209442248572683,0.9343681566975788
UCEC_molecular_subtype,44,logistic_l2,test_misaligned,1.0,multiomics_core,153.0,0.42483660130718953,0.4006751185322614,0.3936225098413456,0.6965855843911177
UCEC_molecular_subtype,44,extra_trees,mrna_only,0.0,mrna,153.0,0.7581699346405228,0.6493918779633066,0.6444294973410316,0.9062731547074196
UCEC_molecular_subtype,44,extra_trees,train_misaligned,0.0,multiomics_core,153.0,0.9084967320261438,0.8775999793856937,0.8908977390829746,0.9880176813671758
UCEC_molecular_subtype,44,extra_trees,test_misaligned,0.0,multiomics_core,153.0,0.9084967320261438,0.8775999793856937,0.8908977390829746,0.9880176813671758
UCEC_molecular_subtype,44,extra_trees,train_misaligned,0.1,multiomics_core,153.0,0.9215686274509803,0.8883838383838384,0.9015626173841184,0.9868831117579859
UCEC_molecular_subtype,44,extra_trees,test_misaligned,0.1,multiomics_core,153.0,0.8562091503267973,0.834263553906411,0.8478143647698103,0.971920721625833
UCEC_molecular_subtype,44,extra_trees,train_misaligned,0.25,multiomics_core,153.0,0.9150326797385621,0.8827020202020202,0.8959186934563131,0.9845626296777755
UCEC_molecular_subtype,44,extra_trees,test_misaligned,0.25,multiomics_core,153.0,0.7712418300653595,0.7525664811379097,0.7650231689835649,0.933780676982371
UCEC_molecular_subtype,44,extra_trees,train_misaligned,0.5,multiomics_core,153.0,0.8431372549019608,0.7767676767676768,0.78921863482235,0.9708604194762396
UCEC_molecular_subtype,44,extra_trees,test_misaligned,0.5,multiomics_core,153.0,0.6209150326797386,0.5821815089672232,0.5903381757561325,0.80225848324913
UCEC_molecular_subtype,44,extra_trees,train_misaligned,0.75,multiomics_core,153.0,0.7908496732026143,0.7097222222222223,0.7288395695769136,0.9508661399686766
UCEC_molecular_subtype,44,extra_trees,test_misaligned,0.75,multiomics_core,153.0,0.48366013071895425,0.44621469800041225,0.44907407407407407,0.7005286786062519
UCEC_molecular_subtype,44,extra_trees,train_misaligned,1.0,multiomics_core,153.0,0.7124183006535948,0.5992656153370439,0.5838191699604742,0.8981935641439032
UCEC_molecular_subtype,44,extra_trees,test_misaligned,1.0,multiomics_core,153.0,0.3333333333333333,0.29991754277468563,0.30030456306500214,0.5746294326547
COADREAD_molecular_subtype,42,logistic_l2,mrna_only,0.0,mrna,135.0,0.9333333333333333,0.8905567543338441,0.8918086918086918,0.9797228218076782
COADREAD_molecular_subtype,42,logistic_l2,train_misaligned,0.0,multiomics_core,135.0,0.9259259259259259,0.8871897509668406,0.8831699720024592,0.9746732492384426
COADREAD_molecular_subtype,42,logistic_l2,test_misaligned,0.0,multiomics_core,135.0,0.9259259259259259,0.8871897509668406,0.8831699720024592,0.9746732492384426
COADREAD_molecular_subtype,42,logistic_l2,train_misaligned,0.1,multiomics_core,135.0,0.9259259259259259,0.8871897509668406,0.8831699720024592,0.9764602563428308
COADREAD_molecular_subtype,42,logistic_l2,test_misaligned,0.1,multiomics_core,135.0,0.8814814814814815,0.7919754823779591,0.800975778362713,0.9388223285451244
COADREAD_molecular_subtype,42,logistic_l2,train_misaligned,0.25,multiomics_core,135.0,0.9333333333333333,0.9067975941040957,0.8963044677330392,0.9819874458181759
COADREAD_molecular_subtype,42,logistic_l2,test_misaligned,0.25,multiomics_core,135.0,0.8666666666666667,0.771064619361833,0.7916729483893663,0.9269361598865324
COADREAD_molecular_subtype,42,logistic_l2,train_misaligned,0.5,multiomics_core,135.0,0.9407407407407408,0.879746901418728,0.8930501089324618,0.972638388612688
COADREAD_molecular_subtype,42,logistic_l2,test_misaligned,0.5,multiomics_core,135.0,0.8222222222222222,0.6758503507729513,0.7014260249554366,0.8717885672555541
COADREAD_molecular_subtype,42,logistic_l2,train_misaligned,0.75,multiomics_core,135.0,0.8962962962962963,0.8412400579583242,0.8366500006361081,0.9571561721098693
COADREAD_molecular_subtype,42,logistic_l2,test_misaligned,0.75,multiomics_core,135.0,0.6962962962962963,0.46858679676017134,0.47671568627450983,0.7556025727165664
COADREAD_molecular_subtype,42,logistic_l2,train_misaligned,1.0,multiomics_core,135.0,0.9185185185185185,0.869645891317718,0.872053872053872,0.9729677555511408
COADREAD_molecular_subtype,42,logistic_l2,test_misaligned,1.0,multiomics_core,135.0,0.6518518518518519,0.3450188156070509,0.3310624012638231,0.7138823287393105
COADREAD_molecular_subtype,42,extra_trees,mrna_only,0.0,mrna,135.0,0.8740740740740741,0.672858617131063,0.7117386489479512,0.9578525076593284
COADREAD_molecular_subtype,42,extra_trees,train_misaligned,0.0,multiomics_core,135.0,0.9629629629629629,0.9040247678018575,0.9306268900647693,0.9731278480309166
COADREAD_molecular_subtype,42,extra_trees,test_misaligned,0.0,multiomics_core,135.0,0.9629629629629629,0.9040247678018575,0.9306268900647693,0.9731278480309166
COADREAD_molecular_subtype,42,extra_trees,train_misaligned,0.1,multiomics_core,135.0,0.9703703703703703,0.9215686274509803,0.9489548954895489,0.9745815863296755
COADREAD_molecular_subtype,42,extra_trees,test_misaligned,0.1,multiomics_core,135.0,0.9185185185185185,0.8250513389832275,0.8482705413398482,0.9304224316694971
COADREAD_molecular_subtype,42,extra_trees,train_misaligned,0.25,multiomics_core,135.0,0.9333333333333333,0.8255933952528379,0.8669348960611097,0.9824809231983455
COADREAD_molecular_subtype,42,extra_trees,test_misaligned,0.25,multiomics_core,135.0,0.8962962962962963,0.798709489111966,0.8327309418391012,0.8998690345457665
COADREAD_molecular_subtype,42,extra_trees,train_misaligned,0.5,multiomics_core,135.0,0.8888888888888888,0.7100103199174407,0.7516580967285194,0.9737189479074934
COADREAD_molecular_subtype,42,extra_trees,test_misaligned,0.5,multiomics_core,135.0,0.762962962962963,0.5860149482440504,0.6176470588235294,0.8099281538311595
COADREAD_molecular_subtype,42,extra_trees,train_misaligned,0.75,multiomics_core,135.0,0.8444444444444444,0.5985552115583075,0.6212351828790185,0.9427551779620398
COADREAD_molecular_subtype,42,extra_trees,test_misaligned,0.75,multiomics_core,135.0,0.7037037037037037,0.5003075126914136,0.5234308320094696,0.6754617264267985
COADREAD_molecular_subtype,42,extra_trees,train_misaligned,1.0,multiomics_core,135.0,0.8,0.49122807017543857,0.5076190476190476,0.9455692613987944
COADREAD_molecular_subtype,42,extra_trees,test_misaligned,1.0,multiomics_core,135.0,0.6296296296296297,0.3795123578405312,0.37801878281638396,0.6036452143830252
COADREAD_molecular_subtype,43,logistic_l2,mrna_only,0.0,mrna,135.0,0.8814814814814815,0.8649237472766885,0.8354700854700855,0.9415475048852694
COADREAD_molecular_subtype,43,logistic_l2,train_misaligned,0.0,multiomics_core,135.0,0.9333333333333333,0.9047336106159635,0.8990572878897751,0.9658654041616267
COADREAD_molecular_subtype,43,logistic_l2,test_misaligned,0.0,multiomics_core,135.0,0.9333333333333333,0.9047336106159635,0.8990572878897751,0.9658654041616267
COADREAD_molecular_subtype,43,logistic_l2,train_misaligned,0.1,multiomics_core,135.0,0.9185185185185185,0.8817587641117054,0.8766255740875031,0.9614814367223805
COADREAD_molecular_subtype,43,logistic_l2,test_misaligned,0.1,multiomics_core,135.0,0.9037037037037037,0.8446070613253275,0.851568387778852,0.9477951376817192
COADREAD_molecular_subtype,43,logistic_l2,train_misaligned,0.25,multiomics_core,135.0,0.9037037037037037,0.8750247573776986,0.8606606606606606,0.9505433381859659
COADREAD_molecular_subtype,43,logistic_l2,test_misaligned,0.25,multiomics_core,135.0,0.8518518518518519,0.7480897728575747,0.7586710239651416,0.903751409817754
COADREAD_molecular_subtype,43,logistic_l2,train_misaligned,0.5,multiomics_core,135.0,0.9111111111111111,0.8642149044625825,0.8632478632478633,0.9475394596101743
COADREAD_molecular_subtype,43,logistic_l2,test_misaligned,0.5,multiomics_core,135.0,0.8,0.6232187718255829,0.653290738143473,0.8337056595653963
COADREAD_molecular_subtype,43,logistic_l2,train_misaligned,0.75,multiomics_core,135.0,0.8740740740740741,0.7824165285465594,0.7844444444444445,0.9291737395709408
COADREAD_molecular_subtype,43,logistic_l2,test_misaligned,0.75,multiomics_core,135.0,0.8,0.5907370922850799,0.6325361805669045,0.8815413805581436
COADREAD_molecular_subtype,43,logistic_l2,train_misaligned,1.0,multiomics_core,135.0,0.8962962962962963,0.7925175386475695,0.8167231805002703,0.9141112929656052
COADREAD_molecular_subtype,43,logistic_l2,test_misaligned,1.0,multiomics_core,135.0,0.6888888888888889,0.43686608082892914,0.44243480858137246,0.773596087864766
COADREAD_molecular_subtype,43,extra_trees,mrna_only,0.0,mrna,135.0,0.8888888888888888,0.7100103199174407,0.7516580967285194,0.9503761608793558
COADREAD_molecular_subtype,43,extra_trees,train_misaligned,0.0,multiomics_core,135.0,0.9481481481481482,0.8972907610678508,0.9105955334987593,0.9603400610330416
COADREAD_molecular_subtype,43,extra_trees,test_misaligned,0.0,multiomics_core,135.0,0.9481481481481482,0.8972907610678508,0.9105955334987593,0.9603400610330416
COADREAD_molecular_subtype,43,extra_trees,train_misaligned,0.1,multiomics_core,135.0,0.9481481481481482,0.8972907610678508,0.91708407594174,0.954135212541884
COADREAD_molecular_subtype,43,extra_trees,test_misaligned,0.1,multiomics_core,135.0,0.8962962962962963,0.8108223619059532,0.8199122807017544,0.917591625976755
COADREAD_molecular_subtype,43,extra_trees,train_misaligned,0.25,multiomics_core,135.0,0.9259259259259259,0.838467231656086,0.8708781758317361,0.959116239445347
COADREAD_molecular_subtype,43,extra_trees,test_misaligned,0.25,multiomics_core,135.0,0.8148148148148148,0.6845962201999353,0.6911111111111111,0.8540978165906065
COADREAD_molecular_subtype,43,extra_trees,train_misaligned,0.5,multiomics_core,135.0,0.8888888888888888,0.7079463364293086,0.7341834792539018,0.9580336038142997
COADREAD_molecular_subtype,43,extra_trees,test_misaligned,0.5,multiomics_core,135.0,0.7703703703703704,0.6239276146396889,0.6298039215686274,0.7609735869796382
COADREAD_molecular_subtype,43,extra_trees,train_misaligned,0.75,multiomics_core,135.0,0.8518518518518519,0.6140350877192983,0.6075141983398864,0.9413274890606257
COADREAD_molecular_subtype,43,extra_trees,test_misaligned,0.75,multiomics_core,135.0,0.7407407407407407,0.596282744889556,0.6025558312655087,0.7826452530016269
COADREAD_molecular_subtype,43,extra_trees,train_misaligned,1.0,multiomics_core,135.0,0.8074074074074075,0.5087719298245613,0.5245279146141215,0.9191516857559865
COADREAD_molecular_subtype,43,extra_trees,test_misaligned,1.0,multiomics_core,135.0,0.6148148148148148,0.3707143676183924,0.3726955956275662,0.6136062849383765
COADREAD_molecular_subtype,44,logistic_l2,mrna_only,0.0,mrna,135.0,0.8666666666666667,0.7486318291271852,0.7637746337842154,0.9427036366252998
COADREAD_molecular_subtype,44,logistic_l2,train_misaligned,0.0,multiomics_core,135.0,0.8962962962962963,0.8087583784178212,0.8235987853525167,0.9544088460395096
COADREAD_molecular_subtype,44,logistic_l2,test_misaligned,0.0,multiomics_core,135.0,0.8962962962962963,0.8087583784178212,0.8235987853525167,0.9544088460395096
COADREAD_molecular_subtype,44,logistic_l2,train_misaligned,0.1,multiomics_core,135.0,0.8888888888888888,0.7891505352805662,0.8037982745642985,0.9511930061787345
COADREAD_molecular_subtype,44,logistic_l2,test_misaligned,0.1,multiomics_core,135.0,0.8518518518518519,0.7297849495991912,0.7385530985530986,0.9385773096991228
COADREAD_molecular_subtype,44,logistic_l2,train_misaligned,0.25,multiomics_core,135.0,0.9037037037037037,0.828366221555076,0.8374561403508771,0.9502925338944705
COADREAD_molecular_subtype,44,logistic_l2,test_misaligned,0.25,multiomics_core,135.0,0.8444444444444444,0.7101771064619363,0.727960472788059,0.9350731777690164
COADREAD_molecular_subtype,44,logistic_l2,train_misaligned,0.5,multiomics_core,135.0,0.8888888888888888,0.7587328392281952,0.7921610931319668,0.9634295848825781
COADREAD_molecular_subtype,44,logistic_l2,test_misaligned,0.5,multiomics_core,135.0,0.8074074074074075,0.6549394877568252,0.675328407224959,0.8694450969613282
COADREAD_molecular_subtype,44,logistic_l2,train_misaligned,0.75,multiomics_core,135.0,0.8814814814814815,0.7736706591195756,0.7969910797497004,0.9533014209608544
COADREAD_molecular_subtype,44,logistic_l2,test_misaligned,0.75,multiomics_core,135.0,0.7481481481481481,0.5651040852279242,0.5788587848932676,0.8118552610846047
COADREAD_molecular_subtype,44,logistic_l2,train_misaligned,1.0,multiomics_core,135.0,0.8962962962962963,0.7662278095714629,0.8080335046640016,0.9449733085579931
COADREAD_molecular_subtype,44,logistic_l2,test_misaligned,1.0,multiomics_core,135.0,0.6814814814814815,0.41725823769167425,0.4216014752480391,0.6752578218815221
COADREAD_molecular_subtype,44,extra_trees,mrna_only,0.0,mrna,135.0,0.8740740740740741,0.672858617131063,0.7117386489479512,0.9375662843986952
COADREAD_molecular_subtype,44,extra_trees,train_misaligned,0.0,multiomics_core,135.0,0.9037037037037037,0.8000125089908372,0.8266209956977476,0.9493024750376812
COADREAD_molecular_subtype,44,extra_trees,test_misaligned,0.0,multiomics_core,135.0,0.9037037037037037,0.8000125089908372,0.8266209956977476,0.9493024750376812
COADREAD_molecular_subtype,44,extra_trees,train_misaligned,0.1,multiomics_core,135.0,0.9111111111111111,0.819620352128092,0.8422946461312798,0.9479164265865867
COADREAD_molecular_subtype,44,extra_trees,test_misaligned,0.1,multiomics_core,135.0,0.8814814814814815,0.759493802837456,0.7833130285855536,0.9415096151758519
COADREAD_molecular_subtype,44,extra_trees,train_misaligned,0.25,multiomics_core,135.0,0.8962962962962963,0.7783406823654503,0.8089776187337163,0.9549242781919224
COADREAD_molecular_subtype,44,extra_trees,test_misaligned,0.25,multiomics_core,135.0,0.8592592592592593,0.7310879694780623,0.7557734204793028,0.892497649617498
COADREAD_molecular_subtype,44,extra_trees,train_misaligned,0.5,multiomics_core,135.0,0.9037037037037037,0.7492260061919506,0.8015240668238813,0.9627759569752506
COADREAD_molecular_subtype,44,extra_trees,test_misaligned,0.5,multiomics_core,135.0,0.8296296296296296,0.6975221773983384,0.721718088324259,0.8290452781927691
COADREAD_molecular_subtype,44,extra_trees,train_misaligned,0.75,multiomics_core,135.0,0.8666666666666667,0.6553147574819401,0.6996732026143789,0.930695754114387
COADREAD_molecular_subtype,44,extra_trees,test_misaligned,0.75,multiomics_core,135.0,0.6592592592592592,0.4375749236430351,0.44659069553939196,0.7051734307561602
COADREAD_molecular_subtype,44,extra_trees,train_misaligned,1.0,multiomics_core,135.0,0.7851851851851852,0.456140350877193,0.4702360781655936,0.9222770832261276
COADREAD_molecular_subtype,44,extra_trees,test_misaligned,1.0,multiomics_core,135.0,0.5703703703703704,0.3221586348521333,0.3147053835818365,0.5373549107630691
HNSC_HPV_status,42,logistic_l2,mrna_only,0.0,mrna,147.0,0.9727891156462585,0.9652727272727273,0.9484572230014026,0.9698181818181819
HNSC_HPV_status,42,logistic_l2,train_misaligned,0.0,multiomics_core,147.0,0.9931972789115646,0.9772727272727273,0.9863800611507458,0.9614545454545455
HNSC_HPV_status,42,logistic_l2,test_misaligned,0.0,multiomics_core,147.0,0.9931972789115646,0.9772727272727273,0.9863800611507458,0.9614545454545455
HNSC_HPV_status,42,logistic_l2,train_misaligned,0.1,multiomics_core,147.0,0.9931972789115646,0.9772727272727273,0.9863800611507458,0.9647272727272728
HNSC_HPV_status,42,logistic_l2,test_misaligned,0.1,multiomics_core,147.0,0.9931972789115646,0.9772727272727273,0.9863800611507458,0.9610909090909091
HNSC_HPV_status,42,logistic_l2,train_misaligned,0.25,multiomics_core,147.0,0.9863945578231292,0.9732727272727273,0.9732727272727273,0.9730909090909091
HNSC_HPV_status,42,logistic_l2,test_misaligned,0.25,multiomics_core,147.0,0.9727891156462585,0.9090909090909092,0.9421259842519685,0.9934545454545454
HNSC_HPV_status,42,logistic_l2,train_misaligned,0.5,multiomics_core,147.0,0.9659863945578231,0.9612727272727273,0.9366870531484193,0.9614545454545456
HNSC_HPV_status,42,logistic_l2,test_misaligned,0.5,multiomics_core,147.0,0.9795918367346939,0.9318181818181819,0.9574857803914008,0.9447272727272729
HNSC_HPV_status,42,logistic_l2,train_misaligned,0.75,multiomics_core,147.0,0.9659863945578231,0.9425454545454546,0.9344042838018741,0.948
HNSC_HPV_status,42,logistic_l2,test_misaligned,0.75,multiomics_core,147.0,0.9591836734693877,0.8636363636363636,0.9093338815789473,0.9367272727272729
HNSC_HPV_status,42,logistic_l2,train_misaligned,1.0,multiomics_core,147.0,0.9659863945578231,0.9238181818181819,0.9319003057537293,0.9712727272727273
HNSC_HPV_status,42,logistic_l2,test_misaligned,1.0,multiomics_core,147.0,0.9523809523809523,0.8783636363636363,0.9008001542466018,0.9672727272727273
HNSC_HPV_status,42,extra_trees,mrna_only,0.0,mrna,147.0,0.9727891156462585,0.9090909090909092,0.9421259842519685,0.9709090909090909
HNSC_HPV_status,42,extra_trees,train_misaligned,0.0,multiomics_core,147.0,0.9863945578231292,0.9545454545454546,0.9722222222222222,0.9650909090909091
HNSC_HPV_status,42,extra_trees,test_misaligned,0.0,multiomics_core,147.0,0.9863945578231292,0.9545454545454546,0.9722222222222222,0.9650909090909091
HNSC_HPV_status,42,extra_trees,train_misaligned,0.1,multiomics_core,147.0,0.9863945578231292,0.9545454545454546,0.9722222222222222,0.9727272727272728
HNSC_HPV_status,42,extra_trees,test_misaligned,0.1,multiomics_core,147.0,0.9863945578231292,0.9545454545454546,0.9722222222222222,0.9661818181818183
HNSC_HPV_status,42,extra_trees,train_misaligned,0.25,multiomics_core,147.0,0.9795918367346939,0.9318181818181819,0.9574857803914008,0.9843636363636364
HNSC_HPV_status,42,extra_trees,test_misaligned,0.25,multiomics_core,147.0,0.9591836734693877,0.8636363636363636,0.9093338815789473,0.9861818181818182
HNSC_HPV_status,42,extra_trees,train_misaligned,0.5,multiomics_core,147.0,0.9727891156462585,0.9090909090909092,0.9421259842519685,0.9745454545454546
HNSC_HPV_status,42,extra_trees,test_misaligned,0.5,multiomics_core,147.0,0.9523809523809523,0.8409090909090908,0.8917867283626039,0.9392727272727273
HNSC_HPV_status,42,extra_trees,train_misaligned,0.75,multiomics_core,147.0,0.9659863945578231,0.8863636363636364,0.9260935143288085,0.968
HNSC_HPV_status,42,extra_trees,test_misaligned,0.75,multiomics_core,147.0,0.891156462585034,0.6363636363636364,0.6842105263157895,0.9098181818181819
HNSC_HPV_status,42,extra_trees,train_misaligned,1.0,multiomics_core,147.0,0.9319727891156463,0.7727272727272727,0.833710407239819,0.9789090909090908
HNSC_HPV_status,42,extra_trees,test_misaligned,1.0,multiomics_core,147.0,0.891156462585034,0.6363636363636364,0.6842105263157895,0.9381818181818182
HNSC_HPV_status,43,logistic_l2,mrna_only,0.0,mrna,147.0,1.0,1.0,1.0,1.0
HNSC_HPV_status,43,logistic_l2,train_misaligned,0.0,multiomics_core,147.0,0.9795918367346939,0.9505454545454546,0.9591401834522375,0.9985454545454545
HNSC_HPV_status,43,logistic_l2,test_misaligned,0.0,multiomics_core,147.0,0.9795918367346939,0.9505454545454546,0.9591401834522375,0.9985454545454545
HNSC_HPV_status,43,logistic_l2,train_misaligned,0.1,multiomics_core,147.0,0.9795918367346939,0.9505454545454546,0.9591401834522375,0.9981818181818182
HNSC_HPV_status,43,logistic_l2,test_misaligned,0.1,multiomics_core,147.0,0.9795918367346939,0.9318181818181819,0.9574857803914008,0.997090909090909
HNSC_HPV_status,43,logistic_l2,train_misaligned,0.25,multiomics_core,147.0,0.9863945578231292,0.9732727272727273,0.9732727272727273,0.9970909090909091
HNSC_HPV_status,43,logistic_l2,test_misaligned,0.25,multiomics_core,147.0,0.9659863945578231,0.9238181818181819,0.9319003057537293,0.996
HNSC_HPV_status,43,logistic_l2,train_misaligned,0.5,multiomics_core,147.0,0.9795918367346939,0.9692727272727273,0.9606425702811245,0.9952727272727272
HNSC_HPV_status,43,logistic_l2,test_misaligned,0.5,multiomics_core,147.0,0.9591836734693877,0.9198181818181819,0.9198181818181819,0.9934545454545455
HNSC_HPV_status,43,logistic_l2,train_misaligned,0.75,multiomics_core,147.0,0.9795918367346939,0.9692727272727273,0.9606425702811245,0.9978181818181818
HNSC_HPV_status,43,logistic_l2,test_misaligned,0.75,multiomics_core,147.0,0.9251700680272109,0.8061818181818181,0.8374057315233786,0.9683636363636363
HNSC_HPV_status,43,logistic_l2,train_misaligned,1.0,multiomics_core,147.0,0.9727891156462585,0.9465454545454546,0.9465454545454546,0.9909090909090909
HNSC_HPV_status,43,logistic_l2,test_misaligned,1.0,multiomics_core,147.0,0.9591836734693877,0.9198181818181819,0.9198181818181819,0.9818181818181819
HNSC_HPV_status,43,extra_trees,mrna_only,0.0,mrna,147.0,0.9659863945578231,0.8863636363636364,0.9260935143288085,0.9978181818181818
HNSC_HPV_status,43,extra_trees,train_misaligned,0.0,multiomics_core,147.0,0.9727891156462585,0.9090909090909092,0.9421259842519685,0.9996363636363637
HNSC_HPV_status,43,extra_trees,test_misaligned,0.0,multiomics_core,147.0,0.9727891156462585,0.9090909090909092,0.9421259842519685,0.9996363636363637
HNSC_HPV_status,43,extra_trees,train_misaligned,0.1,multiomics_core,147.0,0.9591836734693877,0.8636363636363636,0.9093338815789473,0.9992727272727273
HNSC_HPV_status,43,extra_trees,test_misaligned,0.1,multiomics_core,147.0,0.9727891156462585,0.9090909090909092,0.9421259842519685,0.9912727272727273
HNSC_HPV_status,43,extra_trees,train_misaligned,0.25,multiomics_core,147.0,0.9727891156462585,0.9090909090909092,0.9421259842519685,0.998909090909091
HNSC_HPV_status,43,extra_trees,test_misaligned,0.25,multiomics_core,147.0,0.9591836734693877,0.8636363636363636,0.9093338815789473,0.996
HNSC_HPV_status,43,extra_trees,train_misaligned,0.5,multiomics_core,147.0,0.9727891156462585,0.9090909090909092,0.9421259842519685,0.9978181818181817
HNSC_HPV_status,43,extra_trees,test_misaligned,0.5,multiomics_core,147.0,0.9455782312925171,0.8181818181818181,0.8733850129198966,0.9992727272727273
HNSC_HPV_status,43,extra_trees,train_misaligned,0.75,multiomics_core,147.0,0.9455782312925171,0.8181818181818181,0.8733850129198966,0.9981818181818182
HNSC_HPV_status,43,extra_trees,test_misaligned,0.75,multiomics_core,147.0,0.8843537414965986,0.6136363636363636,0.6533499791926758,0.9596363636363636
HNSC_HPV_status,43,extra_trees,train_misaligned,1.0,multiomics_core,147.0,0.9319727891156463,0.7727272727272727,0.833710407239819,0.9956363636363637
HNSC_HPV_status,43,extra_trees,test_misaligned,1.0,multiomics_core,147.0,0.8639455782312925,0.5454545454545454,0.5462962962962963,0.9385454545454546
HNSC_HPV_status,44,logistic_l2,mrna_only,0.0,mrna,147.0,0.9591836734693877,0.9572727272727273,0.9253048780487805,0.9698181818181818
HNSC_HPV_status,44,logistic_l2,train_misaligned,0.0,multiomics_core,147.0,0.9727891156462585,0.9465454545454546,0.9465454545454546,0.9705454545454546
HNSC_HPV_status,44,logistic_l2,test_misaligned,0.0,multiomics_core,147.0,0.9727891156462585,0.9465454545454546,0.9465454545454546,0.9705454545454546
HNSC_HPV_status,44,logistic_l2,train_misaligned,0.1,multiomics_core,147.0,0.9727891156462585,0.9465454545454546,0.9465454545454546,0.9643636363636363
HNSC_HPV_status,44,logistic_l2,test_misaligned,0.1,multiomics_core,147.0,0.9727891156462585,0.9465454545454546,0.9465454545454546,0.9701818181818181
HNSC_HPV_status,44,logistic_l2,train_misaligned,0.25,multiomics_core,147.0,0.9659863945578231,0.9425454545454546,0.9344042838018741,0.9723636363636363
HNSC_HPV_status,44,logistic_l2,test_misaligned,0.25,multiomics_core,147.0,0.9591836734693877,0.9010909090909092,0.9166666666666666,0.9512727272727273
HNSC_HPV_status,44,logistic_l2,train_misaligned,0.5,multiomics_core,147.0,0.9795918367346939,0.9505454545454546,0.9591401834522375,0.964
HNSC_HPV_status,44,logistic_l2,test_misaligned,0.5,multiomics_core,147.0,0.9387755102040817,0.8329090909090908,0.8669683257918552,0.9458181818181818
HNSC_HPV_status,44,logistic_l2,train_misaligned,0.75,multiomics_core,147.0,0.9523809523809523,0.9158181818181819,0.9081659973226238,0.98
HNSC_HPV_status,44,logistic_l2,test_misaligned,0.75,multiomics_core,147.0,0.9251700680272109,0.8061818181818181,0.8374057315233786,0.9138181818181818
HNSC_HPV_status,44,logistic_l2,train_misaligned,1.0,multiomics_core,147.0,0.9387755102040817,0.8890909090909092,0.8819277108433735,0.9749090909090908
HNSC_HPV_status,44,logistic_l2,test_misaligned,1.0,multiomics_core,147.0,0.9047619047619048,0.7192727272727273,0.7671945701357465,0.9309090909090909
HNSC_HPV_status,44,extra_trees,mrna_only,0.0,mrna,147.0,0.9727891156462585,0.9090909090909092,0.9421259842519685,0.974909090909091
HNSC_HPV_status,44,extra_trees,train_misaligned,0.0,multiomics_core,147.0,0.9795918367346939,0.9318181818181819,0.9574857803914008,0.9789090909090908
HNSC_HPV_status,44,extra_trees,test_misaligned,0.0,multiomics_core,147.0,0.9795918367346939,0.9318181818181819,0.9574857803914008,0.978909090909091
HNSC_HPV_status,44,extra_trees,train_misaligned,0.1,multiomics_core,147.0,0.9727891156462585,0.9090909090909092,0.9421259842519685,0.9821818181818182
HNSC_HPV_status,44,extra_trees,test_misaligned,0.1,multiomics_core,147.0,0.9727891156462585,0.9090909090909092,0.9421259842519685,0.9774545454545455
HNSC_HPV_status,44,extra_trees,train_misaligned,0.25,multiomics_core,147.0,0.9727891156462585,0.9090909090909092,0.9421259842519685,0.9821818181818182
HNSC_HPV_status,44,extra_trees,test_misaligned,0.25,multiomics_core,147.0,0.9455782312925171,0.8181818181818181,0.8733850129198966,0.9432727272727273
HNSC_HPV_status,44,extra_trees,train_misaligned,0.5,multiomics_core,147.0,0.9659863945578231,0.8863636363636364,0.9260935143288085,0.9770909090909091
HNSC_HPV_status,44,extra_trees,test_misaligned,0.5,multiomics_core,147.0,0.9251700680272109,0.75,0.8122605363984674,0.9436363636363636
HNSC_HPV_status,44,extra_trees,train_misaligned,0.75,multiomics_core,147.0,0.9523809523809523,0.8409090909090908,0.8917867283626039,0.9763636363636363
HNSC_HPV_status,44,extra_trees,test_misaligned,0.75,multiomics_core,147.0,0.9047619047619048,0.6818181818181819,0.7401515151515152,0.9058181818181817
HNSC_HPV_status,44,extra_trees,train_misaligned,1.0,multiomics_core,147.0,0.9387755102040817,0.7954545454545454,0.854054054054054,0.9847272727272728
HNSC_HPV_status,44,extra_trees,test_misaligned,1.0,multiomics_core,147.0,0.8639455782312925,0.5454545454545454,0.5462962962962963,0.8767272727272728
KIRC_grade_binary,42,logistic_l2,mrna_only,0.0,mrna,152.0,0.625,0.6285014005602241,0.6245937865592097,0.6638655462184875
KIRC_grade_binary,42,logistic_l2,train_misaligned,0.0,multiomics_core,152.0,0.6644736842105263,0.6628151260504203,0.6620013080444735,0.6938025210084033
KIRC_grade_binary,42,logistic_l2,test_misaligned,0.0,multiomics_core,152.0,0.6644736842105263,0.6628151260504203,0.6620013080444735,0.6938025210084033
KIRC_grade_binary,42,logistic_l2,train_misaligned,0.1,multiomics_core,152.0,0.6513157894736842,0.6467086834733893,0.646898969975893,0.7085084033613445
KIRC_grade_binary,42,logistic_l2,test_misaligned,0.1,multiomics_core,152.0,0.6447368421052632,0.642156862745098,0.641697223677318,0.6834733893557423
KIRC_grade_binary,42,logistic_l2,train_misaligned,0.25,multiomics_core,152.0,0.6447368421052632,0.6407563025210083,0.6407563025210083,0.7151610644257703
KIRC_grade_binary,42,logistic_l2,test_misaligned,0.25,multiomics_core,152.0,0.625,0.6228991596638656,0.6222367560497057,0.6461834733893558
KIRC_grade_binary,42,logistic_l2,train_misaligned,0.5,multiomics_core,152.0,0.6644736842105263,0.6656162464985995,0.6632932285106198,0.6846988795518206
KIRC_grade_binary,42,logistic_l2,test_misaligned,0.5,multiomics_core,152.0,0.6381578947368421,0.6348039215686274,0.634599414310066,0.6598389355742297
KIRC_grade_binary,42,logistic_l2,train_misaligned,0.75,multiomics_core,152.0,0.618421052631579,0.6127450980392157,0.6129938542581211,0.680672268907563
KIRC_grade_binary,42,logistic_l2,test_misaligned,0.75,multiomics_core,152.0,0.6118421052631579,0.6123949579831933,0.6104764800416974,0.6414565826330533
KIRC_grade_binary,42,logistic_l2,train_misaligned,1.0,multiomics_core,152.0,0.618421052631579,0.6225490196078431,0.6181566181566182,0.6995798319327731
KIRC_grade_binary,42,logistic_l2,test_misaligned,1.0,multiomics_core,152.0,0.631578947368421,0.6330532212885154,0.6305555555555555,0.7050070028011205
KIRC_grade_binary,42,extra_trees,mrna_only,0.0,mrna,152.0,0.6907894736842105,0.6810224089635855,0.6821922683393389,0.7375700280112044
KIRC_grade_binary,42,extra_trees,train_misaligned,0.0,multiomics_core,152.0,0.6907894736842105,0.6810224089635855,0.6821922683393389,0.7155112044817927
KIRC_grade_binary,42,extra_trees,test_misaligned,0.0,multiomics_core,152.0,0.6907894736842105,0.6810224089635855,0.6821922683393389,0.7155112044817927
KIRC_grade_binary,42,extra_trees,train_misaligned,0.1,multiomics_core,152.0,0.6447368421052632,0.6337535014005602,0.6340288924558588,0.7095588235294117
KIRC_grade_binary,42,extra_trees,test_misaligned,0.1,multiomics_core,152.0,0.6710526315789473,0.6603641456582633,0.6611378633850544,0.6962535014005602
KIRC_grade_binary,42,extra_trees,train_misaligned,0.25,multiomics_core,152.0,0.625,0.6158963585434174,0.6162126245847176,0.699404761904762
KIRC_grade_binary,42,extra_trees,test_misaligned,0.25,multiomics_core,152.0,0.6710526315789473,0.657563025210084,0.6577193298504773,0.7039565826330532
KIRC_grade_binary,42,extra_trees,train_misaligned,0.5,multiomics_core,152.0,0.6907894736842105,0.6768207282913166,0.6773698234204941,0.738095238095238
KIRC_grade_binary,42,extra_trees,test_misaligned,0.5,multiomics_core,152.0,0.6710526315789473,0.6547619047619048,0.6537269910698014,0.6876750700280112
KIRC_grade_binary,42,extra_trees,train_misaligned,0.75,multiomics_core,152.0,0.631578947368421,0.6176470588235294,0.6166456494325347,0.6999299719887955
KIRC_grade_binary,42,extra_trees,test_misaligned,0.75,multiomics_core,152.0,0.6381578947368421,0.6179971988795518,0.6126581105499699,0.6432072829131653
KIRC_grade_binary,42,extra_trees,train_misaligned,1.0,multiomics_core,152.0,0.7302631578947368,0.72093837535014,0.7227634681258064,0.7556022408963585
KIRC_grade_binary,42,extra_trees,test_misaligned,1.0,multiomics_core,152.0,0.5789473684210527,0.5602240896358543,0.5539251650770359,0.625
KIRC_grade_binary,43,logistic_l2,mrna_only,0.0,mrna,152.0,0.631578947368421,0.6358543417366946,0.6313236313236313,0.6773459383753502
KIRC_grade_binary,43,logistic_l2,train_misaligned,0.0,multiomics_core,152.0,0.618421052631579,0.6211484593837535,0.6178255592162303,0.6864495798319328
KIRC_grade_binary,43,logistic_l2,test_misaligned,0.0,multiomics_core,152.0,0.618421052631579,0.6211484593837535,0.6178255592162303,0.6864495798319328
KIRC_grade_binary,43,logistic_l2,train_misaligned,0.1,multiomics_core,152.0,0.6052631578947368,0.6092436974789917,0.6049896049896051,0.6663165266106442
KIRC_grade_binary,43,logistic_l2,test_misaligned,0.1,multiomics_core,152.0,0.631578947368421,0.634453781512605,0.6310039882087741,0.6878501400560224
KIRC_grade_binary,43,logistic_l2,train_misaligned,0.25,multiomics_core,152.0,0.631578947368421,0.6330532212885154,0.6305555555555555,0.7050070028011204
KIRC_grade_binary,43,logistic_l2,test_misaligned,0.25,multiomics_core,152.0,0.6052631578947368,0.6064425770308124,0.6041666666666667,0.6596638655462186
KIRC_grade_binary,43,logistic_l2,train_misaligned,0.5,multiomics_core,152.0,0.6381578947368421,0.6390056022408963,0.6368848542761587,0.7144607843137255
KIRC_grade_binary,43,logistic_l2,test_misaligned,0.5,multiomics_core,152.0,0.5986842105263158,0.5948879551820728,0.5947375322348005,0.6474089635854342
KIRC_grade_binary,43,logistic_l2,train_misaligned,0.75,multiomics_core,152.0,0.5986842105263158,0.6004901960784315,0.597831273042724,0.618172268907563
KIRC_grade_binary,43,logistic_l2,test_misaligned,0.75,multiomics_core,152.0,0.5131578947368421,0.5119047619047619,0.5110415579899148,0.5605742296918768
KIRC_grade_binary,43,logistic_l2,train_misaligned,1.0,multiomics_core,152.0,0.625,0.6214985994397759,0.6213121202849774,0.6545868347338936
KIRC_grade_binary,43,logistic_l2,test_misaligned,1.0,multiomics_core,152.0,0.5592105263157895,0.5577731092436975,0.5568898751250925,0.5693277310924371
KIRC_grade_binary,43,extra_trees,mrna_only,0.0,mrna,152.0,0.7302631578947368,0.72093837535014,0.7227634681258064,0.7844887955182073
KIRC_grade_binary,43,extra_trees,train_misaligned,0.0,multiomics_core,152.0,0.7171052631578947,0.7090336134453781,0.7104761904761905,0.7720588235294118
KIRC_grade_binary,43,extra_trees,test_misaligned,0.0,multiomics_core,152.0,0.7171052631578947,0.7090336134453781,0.7104761904761905,0.7720588235294118
KIRC_grade_binary,43,extra_trees,train_misaligned,0.1,multiomics_core,152.0,0.75,0.738795518207283,0.7412186379928316,0.7762605042016807
KIRC_grade_binary,43,extra_trees,test_misaligned,0.1,multiomics_core,152.0,0.7105263157894737,0.7030812324929971,0.7043324491600353,0.7823879551820728
KIRC_grade_binary,43,extra_trees,train_misaligned,0.25,multiomics_core,152.0,0.7171052631578947,0.7104341736694678,0.711600405948021,0.7722338935574229
KIRC_grade_binary,43,extra_trees,test_misaligned,0.25,multiomics_core,152.0,0.6710526315789473,0.6589635854341737,0.6594982078853047,0.7440476190476191
KIRC_grade_binary,43,extra_trees,train_misaligned,0.5,multiomics_core,152.0,0.6842105263157895,0.6736694677871149,0.6746923488496522,0.7701330532212884
KIRC_grade_binary,43,extra_trees,test_misaligned,0.5,multiomics_core,152.0,0.6513157894736842,0.6383053221288515,0.6381440057494497,0.7191876750700279
KIRC_grade_binary,43,extra_trees,train_misaligned,0.75,multiomics_core,152.0,0.6776315789473685,0.6677170868347339,0.6686685350771832,0.7662815126050421
KIRC_grade_binary,43,extra_trees,test_misaligned,0.75,multiomics_core,152.0,0.6513157894736842,0.6383053221288515,0.6381440057494497,0.6822478991596639
KIRC_grade_binary,43,extra_trees,train_misaligned,1.0,multiomics_core,152.0,0.6513157894736842,0.6411064425770308,0.6416210685528716,0.7256652661064426
KIRC_grade_binary,43,extra_trees,test_misaligned,1.0,multiomics_core,152.0,0.5921052631578947,0.5679271708683473,0.5547996976568406,0.6300770308123249
KIRC_grade_binary,44,logistic_l2,mrna_only,0.0,mrna,152.0,0.625,0.6186974789915967,0.6190476190476191,0.704656862745098
KIRC_grade_binary,44,logistic_l2,train_misaligned,0.0,multiomics_core,152.0,0.6710526315789473,0.6715686274509804,0.66962267431751,0.7442226890756303
KIRC_grade_binary,44,logistic_l2,test_misaligned,0.0,multiomics_core,152.0,0.6710526315789473,0.6715686274509804,0.66962267431751,0.7442226890756303
KIRC_grade_binary,44,logistic_l2,train_misaligned,0.1,multiomics_core,152.0,0.6907894736842105,0.6908263305322129,0.689161554192229,0.7557773109243697
KIRC_grade_binary,44,logistic_l2,test_misaligned,0.1,multiomics_core,152.0,0.6644736842105263,0.6642156862745098,0.6627072183788018,0.7277661064425771
KIRC_grade_binary,44,logistic_l2,train_misaligned,0.25,multiomics_core,152.0,0.631578947368421,0.6400560224089635,0.6315151515151516,0.7048319327731093
KIRC_grade_binary,44,logistic_l2,test_misaligned,0.25,multiomics_core,152.0,0.6710526315789473,0.6701680672268908,0.6689895470383276,0.7312675070028012
KIRC_grade_binary,44,logistic_l2,train_misaligned,0.5,multiomics_core,152.0,0.6578947368421053,0.6582633053221288,0.6564075812902104,0.7647058823529411
KIRC_grade_binary,44,logistic_l2,test_misaligned,0.5,multiomics_core,152.0,0.6578947368421053,0.6582633053221288,0.6564075812902104,0.7148109243697479
KIRC_grade_binary,44,logistic_l2,train_misaligned,0.75,multiomics_core,152.0,0.618421052631579,0.6197478991596639,0.617361111111111,0.6860994397759104
KIRC_grade_binary,44,logistic_l2,test_misaligned,0.75,multiomics_core,152.0,0.6513157894736842,0.648109243697479,0.6478867083351545,0.7148109243697479
KIRC_grade_binary,44,logistic_l2,train_misaligned,1.0,multiomics_core,152.0,0.625,0.6228991596638656,0.6222367560497057,0.6643907563025211
KIRC_grade_binary,44,logistic_l2,test_misaligned,1.0,multiomics_core,152.0,0.6118421052631579,0.6025910364145658,0.6027464008859358,0.5996148459383753
KIRC_grade_binary,44,extra_trees,mrna_only,0.0,mrna,152.0,0.7171052631578947,0.717436974789916,0.7156158900056564,0.781687675070028
KIRC_grade_binary,44,extra_trees,train_misaligned,0.0,multiomics_core,152.0,0.7697368421052632,0.7678571428571428,0.7674723545609511,0.789390756302521
KIRC_grade_binary,44,extra_trees,test_misaligned,0.0,multiomics_core,152.0,0.7697368421052632,0.7678571428571428,0.7674723545609511,0.789390756302521
KIRC_grade_binary,44,extra_trees,train_misaligned,0.1,multiomics_core,152.0,0.7697368421052632,0.7692577030812324,0.7680401133638544,0.8163515406162465
KIRC_grade_binary,44,extra_trees,test_misaligned,0.1,multiomics_core,152.0,0.7697368421052632,0.7650560224089635,0.7660818713450293,0.7858893557422969
KIRC_grade_binary,44,extra_trees,train_misaligned,0.25,multiomics_core,152.0,0.743421052631579,0.7440476190476191,0.7420702258190837,0.7909663865546218
KIRC_grade_binary,44,extra_trees,test_misaligned,0.25,multiomics_core,152.0,0.756578947368421,0.7531512605042017,0.7534955073416612,0.7883403361344538
KIRC_grade_binary,44,extra_trees,train_misaligned,0.5,multiomics_core,152.0,0.7631578947368421,0.7619047619047619,0.7611314824515453,0.8042717086834734
KIRC_grade_binary,44,extra_trees,test_misaligned,0.5,multiomics_core,152.0,0.743421052631579,0.7370448179271709,0.7384282751621585,0.7787114845938375
KIRC_grade_binary,44,extra_trees,train_misaligned,0.75,multiomics_core,152.0,0.7631578947368421,0.7619047619047619,0.7611314824515453,0.8042717086834734
KIRC_grade_binary,44,extra_trees,test_misaligned,0.75,multiomics_core,152.0,0.6973684210526315,0.6869747899159664,0.68824683431425,0.719187675070028
KIRC_grade_binary,44,extra_trees,train_misaligned,1.0,multiomics_core,152.0,0.6973684210526315,0.6981792717086834,0.6960528603721092,0.7468487394957983
KIRC_grade_binary,44,extra_trees,test_misaligned,1.0,multiomics_core,152.0,0.5921052631578947,0.5735294117647058,0.5678650036683786,0.6533613445378151
PRAD_pathologic_T_stage,42,logistic_l2,mrna_only,0.0,mrna,147.0,0.6666666666666666,0.668956043956044,0.6590295857988165,0.7136970172684458
PRAD_pathologic_T_stage,42,logistic_l2,train_misaligned,0.0,multiomics_core,147.0,0.6870748299319728,0.661401098901099,0.6633811230585425,0.7521585557299844
PRAD_pathologic_T_stage,42,logistic_l2,test_misaligned,0.0,multiomics_core,147.0,0.6870748299319728,0.661401098901099,0.6633811230585425,0.7521585557299844
PRAD_pathologic_T_stage,42,logistic_l2,train_misaligned,0.1,multiomics_core,147.0,0.6938775510204082,0.6737637362637363,0.6743464776251662,0.7445054945054944
PRAD_pathologic_T_stage,42,logistic_l2,test_misaligned,0.1,multiomics_core,147.0,0.6530612244897959,0.6270604395604396,0.6282172080337218,0.7219387755102041
PRAD_pathologic_T_stage,42,logistic_l2,train_misaligned,0.25,multiomics_core,147.0,0.673469387755102,0.6435439560439561,0.6459253311922922,0.7399921507064363
PRAD_pathologic_T_stage,42,logistic_l2,test_misaligned,0.25,multiomics_core,147.0,0.6530612244897959,0.6236263736263736,0.6253186066270178,0.7101648351648351
PRAD_pathologic_T_stage,42,logistic_l2,train_misaligned,0.5,multiomics_core,147.0,0.6938775510204082,0.6668956043956045,0.669398770553251,0.7808084772370487
PRAD_pathologic_T_stage,42,logistic_l2,test_misaligned,0.5,multiomics_core,147.0,0.6666666666666666,0.6311813186813187,0.6338636710211966,0.7223312401883829
PRAD_pathologic_T_stage,42,logistic_l2,train_misaligned,0.75,multiomics_core,147.0,0.6462585034013606,0.625,0.625,0.7009419152276294
PRAD_pathologic_T_stage,42,logistic_l2,test_misaligned,0.75,multiomics_core,147.0,0.6054421768707483,0.5576923076923077,0.5561224489795918,0.6475667189952904
PRAD_pathologic_T_stage,42,logistic_l2,train_misaligned,1.0,multiomics_core,147.0,0.6122448979591837,0.5769230769230769,0.5777777777777777,0.6575745682888541
PRAD_pathologic_T_stage,42,logistic_l2,test_misaligned,1.0,multiomics_core,147.0,0.7006802721088435,0.6552197802197802,0.6597222222222222,0.6652276295133438
PRAD_pathologic_T_stage,42,extra_trees,mrna_only,0.0,mrna,147.0,0.6802721088435374,0.6284340659340659,0.630396405071417,0.7348901098901098
PRAD_pathologic_T_stage,42,extra_trees,train_misaligned,0.0,multiomics_core,147.0,0.7074829931972789,0.6607142857142857,0.6656440095212907,0.7874803767660911
PRAD_pathologic_T_stage,42,extra_trees,test_misaligned,0.0,multiomics_core,147.0,0.7074829931972789,0.6607142857142857,0.6656440095212907,0.7874803767660911
PRAD_pathologic_T_stage,42,extra_trees,train_misaligned,0.1,multiomics_core,147.0,0.7210884353741497,0.6648351648351648,0.6696629213483146,0.7763932496075353
PRAD_pathologic_T_stage,42,extra_trees,test_misaligned,0.1,multiomics_core,147.0,0.7074829931972789,0.6538461538461539,0.6578249336870027,0.7879709576138147
PRAD_pathologic_T_stage,42,extra_trees,train_misaligned,0.25,multiomics_core,147.0,0.6870748299319728,0.6339285714285714,0.6361386138613861,0.7641287284144427
PRAD_pathologic_T_stage,42,extra_trees,test_misaligned,0.25,multiomics_core,147.0,0.6870748299319728,0.6339285714285714,0.6361386138613861,0.7284144427001571
PRAD_pathologic_T_stage,42,extra_trees,train_misaligned,0.5,multiomics_core,147.0,0.7414965986394558,0.695054945054945,0.7028723404255319,0.7668759811616954
PRAD_pathologic_T_stage,42,extra_trees,test_misaligned,0.5,multiomics_core,147.0,0.7074829931972789,0.6504120879120878,0.6535489175116471,0.7093799058084772
PRAD_pathologic_T_stage,42,extra_trees,train_misaligned,0.75,multiomics_core,147.0,0.6938775510204082,0.6428571428571428,0.6461242176215696,0.7539246467817895
PRAD_pathologic_T_stage,42,extra_trees,test_misaligned,0.75,multiomics_core,147.0,0.6394557823129252,0.5748626373626373,0.5673829751790771,0.6214678178963894
PRAD_pathologic_T_stage,42,extra_trees,train_misaligned,1.0,multiomics_core,147.0,0.7142857142857143,0.6627747252747253,0.6677787343951787,0.7184065934065934
PRAD_pathologic_T_stage,42,extra_trees,test_misaligned,1.0,multiomics_core,147.0,0.6666666666666666,0.5968406593406593,0.5887055330326043,0.6102825745682889
PRAD_pathologic_T_stage,43,logistic_l2,mrna_only,0.0,mrna,147.0,0.5986394557823129,0.5796703296703296,0.5786737915958222,0.640894819466248
PRAD_pathologic_T_stage,43,logistic_l2,train_misaligned,0.0,multiomics_core,147.0,0.6190476190476191,0.6167582417582418,0.6094876660341555,0.6946624803767661
PRAD_pathologic_T_stage,43,logistic_l2,test_misaligned,0.0,multiomics_core,147.0,0.6190476190476191,0.6167582417582418,0.6094876660341555,0.6946624803767661
PRAD_pathologic_T_stage,43,logistic_l2,train_misaligned,0.1,multiomics_core,147.0,0.6462585034013606,0.6456043956043956,0.6373814041745731,0.6917189952904239
PRAD_pathologic_T_stage,43,logistic_l2,test_misaligned,0.1,multiomics_core,147.0,0.6054421768707483,0.5989010989010989,0.5936904308044224,0.680729984301413
PRAD_pathologic_T_stage,43,logistic_l2,train_misaligned,0.25,multiomics_core,147.0,0.5986394557823129,0.5831043956043956,0.5811965811965811,0.6314756671899528
PRAD_pathologic_T_stage,43,logistic_l2,test_misaligned,0.25,multiomics_core,147.0,0.6530612244897959,0.654532967032967,0.645112426035503,0.7115384615384616
PRAD_pathologic_T_stage,43,logistic_l2,train_misaligned,0.5,multiomics_core,147.0,0.6258503401360545,0.6050824175824177,0.6047034664841344,0.672684458398744
PRAD_pathologic_T_stage,43,logistic_l2,test_misaligned,0.5,multiomics_core,147.0,0.5986394557823129,0.5762362637362637,0.5759546276829806,0.6251962323390894
PRAD_pathologic_T_stage,43,logistic_l2,train_misaligned,0.75,multiomics_core,147.0,0.6190476190476191,0.603021978021978,0.6013173188686556,0.6299058084772371
PRAD_pathologic_T_stage,43,logistic_l2,test_misaligned,0.75,multiomics_core,147.0,0.6122448979591837,0.6009615384615385,0.5976470588235294,0.6516875981161695
PRAD_pathologic_T_stage,43,logistic_l2,train_misaligned,1.0,multiomics_core,147.0,0.6258503401360545,0.6222527472527473,0.6156040507773499,0.6783751962323391
PRAD_pathologic_T_stage,43,logistic_l2,test_misaligned,1.0,multiomics_core,147.0,0.6394557823129252,0.6195054945054945,0.6190778858847112,0.6434458398744113
PRAD_pathologic_T_stage,43,extra_trees,mrna_only,0.0,mrna,147.0,0.6938775510204082,0.6565934065934066,0.6606474118914483,0.7370486656200942
PRAD_pathologic_T_stage,43,extra_trees,train_misaligned,0.0,multiomics_core,147.0,0.673469387755102,0.6401098901098901,0.642914979757085,0.7496075353218211
PRAD_pathologic_T_stage,43,extra_trees,test_misaligned,0.0,multiomics_core,147.0,0.673469387755102,0.6401098901098901,0.642914979757085,0.7496075353218211
PRAD_pathologic_T_stage,43,extra_trees,train_misaligned,0.1,multiomics_core,147.0,0.6938775510204082,0.6668956043956045,0.669398770553251,0.7645211930926218
PRAD_pathologic_T_stage,43,extra_trees,test_misaligned,0.1,multiomics_core,147.0,0.6666666666666666,0.6311813186813187,0.6338636710211966,0.7103610675039247
PRAD_pathologic_T_stage,43,extra_trees,train_misaligned,0.25,multiomics_core,147.0,0.6598639455782312,0.6222527472527473,0.6246936274509804,0.7374411302982731
PRAD_pathologic_T_stage,43,extra_trees,test_misaligned,0.25,multiomics_core,147.0,0.6462585034013606,0.6078296703296704,0.6096813725490196,0.7056514913657771
PRAD_pathologic_T_stage,43,extra_trees,train_misaligned,0.5,multiomics_core,147.0,0.6802721088435374,0.6456043956043955,0.6488080109795151,0.7643249607535322
PRAD_pathologic_T_stage,43,extra_trees,test_misaligned,0.5,multiomics_core,147.0,0.6326530612244898,0.5899725274725275,0.5908247422680413,0.6664050235478807
PRAD_pathologic_T_stage,43,extra_trees,train_misaligned,0.75,multiomics_core,147.0,0.7006802721088435,0.6517857142857143,0.6559574468085106,0.7172291993720566
PRAD_pathologic_T_stage,43,extra_trees,test_misaligned,0.75,multiomics_core,147.0,0.6054421768707483,0.5611263736263736,0.5605154639175257,0.6110675039246467
PRAD_pathologic_T_stage,43,extra_trees,train_misaligned,1.0,multiomics_core,147.0,0.7006802721088435,0.6586538461538461,0.6632653061224489,0.7348901098901099
PRAD_pathologic_T_stage,43,extra_trees,test_misaligned,1.0,multiomics_core,147.0,0.6870748299319728,0.6339285714285714,0.6361386138613861,0.6510989010989011
PRAD_pathologic_T_stage,44,logistic_l2,mrna_only,0.0,mrna,147.0,0.5578231292517006,0.5673076923076923,0.5537757437070938,0.6067503924646781
PRAD_pathologic_T_stage,44,logistic_l2,train_misaligned,0.0,multiomics_core,147.0,0.6054421768707483,0.595467032967033,0.5916666666666667,0.6634615384615384
PRAD_pathologic_T_stage,44,logistic_l2,test_misaligned,0.0,multiomics_core,147.0,0.6054421768707483,0.595467032967033,0.5916666666666667,0.6634615384615384
PRAD_pathologic_T_stage,44,logistic_l2,train_misaligned,0.1,multiomics_core,147.0,0.5986394557823129,0.5865384615384615,0.5835294117647059,0.6589481946624803
PRAD_pathologic_T_stage,44,logistic_l2,test_misaligned,0.1,multiomics_core,147.0,0.5782312925170068,0.5666208791208791,0.5635057471264368,0.6120486656200942
PRAD_pathologic_T_stage,44,logistic_l2,train_misaligned,0.25,multiomics_core,147.0,0.6394557823129252,0.6401098901098901,0.6311952662721894,0.6503139717425431
PRAD_pathologic_T_stage,44,logistic_l2,test_misaligned,0.25,multiomics_core,147.0,0.5850340136054422,0.5652472527472527,0.5643915472431382,0.6124411302982732
PRAD_pathologic_T_stage,44,logistic_l2,train_misaligned,0.5,multiomics_core,147.0,0.5238095238095238,0.5398351648351648,0.5220178372352285,0.59850863422292
PRAD_pathologic_T_stage,44,logistic_l2,test_misaligned,0.5,multiomics_core,147.0,0.6462585034013606,0.6284340659340659,0.6274853801169591,0.6915227629513344
PRAD_pathologic_T_stage,44,logistic_l2,train_misaligned,0.75,multiomics_core,147.0,0.6462585034013606,0.6353021978021978,0.6319337442218798,0.6348116169544742
PRAD_pathologic_T_stage,44,logistic_l2,test_misaligned,0.75,multiomics_core,147.0,0.5986394557823129,0.5865384615384615,0.5835294117647059,0.5979199372056515
PRAD_pathologic_T_stage,44,logistic_l2,train_misaligned,1.0,multiomics_core,147.0,0.6122448979591837,0.6009615384615385,0.5976470588235294,0.6499215070643641
PRAD_pathologic_T_stage,44,logistic_l2,test_misaligned,1.0,multiomics_core,147.0,0.5714285714285714,0.5473901098901099,0.5472057888818267,0.5633830455259027
PRAD_pathologic_T_stage,44,extra_trees,mrna_only,0.0,mrna,147.0,0.6530612244897959,0.6339285714285714,0.6334523052852883,0.7221350078492936
PRAD_pathologic_T_stage,44,extra_trees,train_misaligned,0.0,multiomics_core,147.0,0.6802721088435374,0.6696428571428572,0.6663769375633782,0.7441130298273155
PRAD_pathologic_T_stage,44,extra_trees,test_misaligned,0.0,multiomics_core,147.0,0.6802721088435374,0.6696428571428572,0.6663769375633782,0.7441130298273155
PRAD_pathologic_T_stage,44,extra_trees,train_misaligned,0.1,multiomics_core,147.0,0.6938775510204082,0.6806318681318682,0.6786495020646102,0.7547095761381475
PRAD_pathologic_T_stage,44,extra_trees,test_misaligned,0.1,multiomics_core,147.0,0.6870748299319728,0.6717032967032968,0.67046783625731,0.7252747252747251
PRAD_pathologic_T_stage,44,extra_trees,train_misaligned,0.25,multiomics_core,147.0,0.7210884353741497,0.7094780219780219,0.7072139907699782,0.7423469387755102
PRAD_pathologic_T_stage,44,extra_trees,test_misaligned,0.25,multiomics_core,147.0,0.6530612244897959,0.6339285714285714,0.6334523052852883,0.6989795918367346
PRAD_pathologic_T_stage,44,extra_trees,train_misaligned,0.5,multiomics_core,147.0,0.6462585034013606,0.6146978021978022,0.61641910879165,0.7227237048665619
PRAD_pathologic_T_stage,44,extra_trees,test_misaligned,0.5,multiomics_core,147.0,0.6598639455782312,0.635989010989011,0.6368577075098814,0.7356750392464678
PRAD_pathologic_T_stage,44,extra_trees,train_misaligned,0.75,multiomics_core,147.0,0.6666666666666666,0.6380494505494505,0.6400119946024289,0.7146781789638932
PRAD_pathologic_T_stage,44,extra_trees,test_misaligned,0.75,multiomics_core,147.0,0.6258503401360545,0.5947802197802198,0.5959318306761957,0.6067503924646781
PRAD_pathologic_T_stage,44,extra_trees,train_misaligned,1.0,multiomics_core,147.0,0.6530612244897959,0.5927197802197802,0.5890929021649767,0.6972135007849294
PRAD_pathologic_T_stage,44,extra_trees,test_misaligned,1.0,multiomics_core,147.0,0.6054421768707483,0.5576923076923077,0.5561224489795918,0.5861459968602826
